year,name,gender,position
2016,Oliver,m,1
2016,Jack,m,2
2016,William,m,3
2016,James,m,4
2016,Mason,m,4
2016,Henry,m,6
2016,Noah,m,6
2016,Lucas,m,8
2016,Ethan,m,9
2016,Liam,m,10
2016,Max,m,10
2016,Harrison,m,12
2016,Oscar,m,13
2016,Archer,m,14
2016,Hudson,m,14
2016,Charlie,m,16
2016,Hunter,m,17
2016,Lachlan,m,17
2016,Thomas,m,17
2016,Logan,m,20
2016,Harry,m,21
2016,Alexander,m,22
2016,Samuel,m,23
2016,Leo,m,24
2016,Levi,m,25
2016,Riley,m,26
2016,Hamish,m,27
2016,Sebastian,m,28
2016,Eli,m,29
2016,Elijah,m,29
2016,Xavier,m,29
2016,Arlo,m,32
2016,Jacob,m,32
2016,Patrick,m,34
2016,Angus,m,35
2016,Cooper,m,35
2016,Isaac,m,35
2016,Jackson,m,35
2016,Harvey,m,39
2016,Blake,m,40
2016,Jordan,m,40
2016,Connor,m,42
2016,Lincoln,m,42
2016,George,m,44
2016,Jayden,m,44
2016,Joshua,m,44
2016,Aiden,m,47
2016,Archie,m,47
2016,Finn,m,47
2016,Tyler,m,47
2016,Benjamin,m,51
2016,Jaxon,m,51
2016,Louis,m,51
2016,Austin,m,54
2016,Edward,m,54
2016,Daniel,m,56
2016,Nate,m,56
2016,Chase,m,58
2016,Luca,m,58
2016,Ryan,m,58
2016,Ashton,m,61
2016,Hugo,m,61
2016,Kai,m,63
2016,Ryder,m,64
2016,Parker,m,65
2016,Caleb,m,66
2016,Luke,m,66
2016,Maxwell,m,66
2016,Spencer,m,66
2016,Theodore,m,66
2016,Felix,m,71
2016,Zachary,m,71
2016,Dylan,m,73
2016,Flynn,m,73
2016,Adam,m,75
2016,Matthew,m,76
2016,Michael,m,76
2016,Rory,m,76
2016,Seth,m,76
2016,Jasper,m,80
2016,Joseph,m,80
2016,Asher,m,82
2016,Nicholas,m,82
2016,Carter,m,84
2016,Jake,m,84
2016,Lewis,m,84
2016,Orlando,m,84
2016,Toby,m,84
2016,Arthur,m,89
2016,Bodhi,m,89
2016,Cameron,m,89
2016,Dominic,m,89
2016,Fletcher,m,89
2016,Nathaniel,m,89
2016,Owen,m,89
2016,Alex,m,96
2016,Anthony,m,96
2016,Christian,m,96
2016,Elliot,m,96
2016,Harley,m,96
2016,Jett,m,96
2016,Leon,m,96
2016,Mitchell,m,96
2016,Alfie,m,104
2016,Brodie,m,104
2016,Muhammad,m,104
2016,Tyson,m,104
2016,Axel,m,108
2016,Beau,m,108
2016,Casey,m,108
2016,Eddie,m,108
2016,Leonardo,m,108
2016,Nathan,m,108
2016,Aaron,m,114
2016,Braxton,m,114
2016,Callum,m,114
2016,Cody,m,114
2016,David,m,114
2016,Evan,m,114
2016,Ollie,m,114
2016,Reuben,m,114
2016,Vincent,m,114
2016,Zac,m,114
2016,Ari,m,124
2016,Bailey,m,124
2016,Declan,m,124
2016,Hayden,m,124
2016,Isaiah,m,124
2016,Jude,m,124
2016,Lenny,m,124
2016,Phoenix,m,124
2016,Sonny,m,124
2016,Andrew,m,133
2016,Cruz,m,134
2016,Darcy,m,134
2016,Sam,m,134
2016,Albert,m,137
2016,Charles,m,137
2016,Cohen,m,137
2016,Ezra,m,137
2016,Frederick,m,137
2016,Gabriel,m,137
2016,Hugh,m,137
2016,Jason,m,137
2016,Jaxson,m,137
2016,John,m,137
2016,Jonathan,m,137
2016,River,m,137
2016,Ali,m,149
2016,Brock,m,149
2016,Christopher,m,149
2016,Dean,m,149
2016,Elias,m,149
2016,Elliott,m,149
2016,Joel,m,149
2016,Kayden,m,149
2016,Kobe,m,149
2016,Kyle,m,149
2016,Marcus,m,149
2016,Rylan,m,149
2016,Xander,m,149
2016,Aston,m,162
2016,Jax,m,162
2016,Jesse,m,162
2016,Tobias,m,162
2016,Benji,m,166
2016,Bentley,m,166
2016,Jai,m,166
2016,Jimmy,m,166
2016,Louie,m,166
2016,Luka,m,166
2016,Miles,m,166
2016,Nixon,m,166
2016,Otis,m,166
2016,Billy,m,175
2016,Bryce,m,175
2016,Dustin,m,175
2016,Eric,m,175
2016,Jamie,m,175
2016,Jay,m,175
2016,Jed,m,175
2016,Judd,m,175
2016,Kaden,m,175
2016,Kaiden,m,175
2016,Koby,m,175
2016,Marco,m,175
2016,Mohammad,m,175
2016,Odin,m,175
2016,Peter,m,175
2016,Roman,m,175
2016,Saxon,m,175
2016,Tate,m,175
2016,Ted,m,175
2016,Theo,m,175
2016,Zander,m,175
2016,Zane,m,175
2016,Ziggy,m,175
2016,Aarav,m,198
2016,Antonio,m,198
2016,Byron,m,198
2016,Dash,m,198
2016,Emmanuel,m,198
2016,Emmett,m,198
2016,Hendrix,m,198
2016,Jeremy,m,198
2016,Lorenzo,m,198
2016,Mahdi,m,198
2016,Malachi,m,198
2016,Micah,m,198
2016,Paxton,m,198
2016,Raphael,m,198
2016,Robert,m,198
2016,Rocco,m,198
2016,Tom,m,198
2016,Tristan,m,198
2016,Victor,m,198
2016,Aidan,m,217
2016,Ash,m,217
2016,Boston,m,217
2016,Dante,m,217
2016,Dion,m,217
2016,Eamon,m,217
2016,Henley,m,217
2016,Kabir,m,217
2016,Kade,m,217
2016,Kevin,m,217
2016,Maddox,m,217
2016,Matteo,m,217
2016,Nash,m,217
2016,Ned,m,217
2016,Oakley,m,217
2016,Rafael,m,217
2016,Remy,m,217
2016,Ricky,m,217
2016,Silas,m,217
2016,Steven,m,217
2016,Sullivan,m,217
2016,Taj,m,217
2016,Wesley,m,217
2016,Wyatt,m,217
2016,Zavier,m,217
2016,Abdullah,m,242
2016,Abel,m,242
2016,Adrian,m,242
2016,Agam,m,242
2016,Alessandro,m,242
2016,Andre,m,242
2016,August,m,242
2016,Ayaan,m,242
2016,Bradley,m,242
2016,Brody,m,242
2016,Calvin,m,242
2016,Conner,m,242
2016,Corey,m,242
2016,Deacon,m,242
2016,Ezekiel,m,242
2016,Harlen,m,242
2016,Harris,m,242
2016,Jayce,m,242
2016,Jonah,m,242
2016,Justin,m,242
2016,Kieran,m,242
2016,Koa,m,242
2016,Lennox,m,242
2016,Lukas,m,242
2016,Malakai,m,242
2016,Marley,m,242
2016,Morgan,m,242
2016,Myles,m,242
2016,Raymond,m,242
2016,Rhys,m,242
2016,Ryker,m,242
2016,Walter,m,242
2016,Advik,m,274
2016,Ahmed,m,274
2016,Alessio,m,274
2016,Alfred,m,274
2016,Ameer,m,274
2016,Amir,m,274
2016,Andy,m,274
2016,Anton,m,274
2016,Armaan,m,274
2016,Banjo,m,274
2016,Brayden,m,274
2016,Brian,m,274
2016,Campbell,m,274
2016,Carlos,m,274
2016,Clancy,m,274
2016,Coen,m,274
2016,Dallas,m,274
2016,Devansh,m,274
2016,Dexter,m,274
2016,Douglas,m,274
2016,Emerson,m,274
2016,Erik,m,274
2016,Finley,m,274
2016,Frank,m,274
2016,Frankie,m,274
2016,Grayson,m,274
2016,Huxley,m,274
2016,Jensen,m,274
2016,Jeremiah,m,274
2016,Jethro,m,274
2016,Jye,m,274
2016,Kaleb,m,274
2016,Kian,m,274
2016,Kingsley,m,274
2016,Kobi,m,274
2016,Krishna,m,274
2016,Leonidas,m,274
2016,Lochlan,m,274
2016,Malik,m,274
2016,Marshall,m,274
2016,Paul,m,274
2016,Richard,m,274
2016,Robin,m,274
2016,Roy,m,274
2016,Sage,m,274
2016,Stefan,m,274
2016,Timothy,m,274
2016,Vivaan,m,274
2016,Will,m,274
2016,Winston,m,274
2016,Yahya,m,274
2016,Abdul,m,325
2016,Ace,m,325
2016,Albie,m,325
2016,Alby,m,325
2016,Alec,m,325
2016,Andreas,m,325
2016,Angelo,m,325
2016,Armin,m,325
2016,Atticus,m,325
2016,Ayden,m,325
2016,Blaze,m,325
2016,Bobby,m,325
2016,Bohdi,m,325
2016,Brax,m,325
2016,Bryson,m,325
2016,Coby,m,325
2016,Cole,m,325
2016,Conor,m,325
2016,Curtis,m,325
2016,Deegan,m,325
2016,Deng,m,325
2016,Emanuel,m,325
2016,Francesco,m,325
2016,Franklin,m,325
2016,Griffin,m,325
2016,Gurfateh,m,325
2016,Harlan,m,325
2016,Harper,m,325
2016,Hassan,m,325
2016,Ian,m,325
2016,Ishaan,m,325
2016,Jace,m,325
2016,Jarrah,m,325
2016,Jobe,m,325
2016,Jonty,m,325
2016,Keegan,m,325
2016,Kenneth,m,325
2016,Kingston,m,325
2016,Knox,m,325
2016,Kye,m,325
2016,Kylo,m,325
2016,Lawson,m,325
2016,Magnus,m,325
2016,Martin,m,325
2016,Matthias,m,325
2016,Maverick,m,325
2016,Maximus,m,325
2016,Miller,m,325
2016,Mohammed,m,325
2016,Murphy,m,325
2016,Nathanael,m,325
2016,Nick,m,325
2016,Otto,m,325
2016,Preston,m,325
2016,Prince,m,325
2016,Reece,m,325
2016,Reggie,m,325
2016,Reign,m,325
2016,Roger,m,325
2016,Rupert,m,325
2016,Ryley,m,325
2016,Samson,m,325
2016,Scott,m,325
2016,Sidney,m,325
2016,Tanner,m,325
2016,Taylor,m,325
2016,Tayte,m,325
2016,Valentino,m,325
2016,Van,m,325
2016,Viraaj,m,325
2016,Yuvraj,m,325
2016,Zion,m,325
2016,Aahil,m,397
2016,Ahyan,m,397
2016,Aleksander,m,397
2016,Alvin,m,397
2016,Andrej,m,397
2016,Arman,m,397
2016,Arnav,m,397
2016,Aryan,m,397
2016,Aveer,m,397
2016,Avery,m,397
2016,Ayan,m,397
2016,Aydin,m,397
2016,Barry,m,397
2016,Bastian,m,397
2016,Bjorn,m,397
2016,Bowen,m,397
2016,Bruce,m,397
2016,Caden,m,397
2016,Cedar,m,397
2016,Chayse,m,397
2016,Chester,m,397
2016,Christos,m,397
2016,Colin,m,397
2016,Cyrus,m,397
2016,Damien,m,397
2016,Dane,m,397
2016,Danny,m,397
2016,Dimitri,m,397
2016,Dimitrios,m,397
2016,Dre,m,397
2016,Drew,m,397
2016,Eddy,m,397
2016,Edison,m,397
2016,Elon,m,397
2016,Enzo,m,397
2016,Ewan,m,397
2016,Fergus,m,397
2016,Finlay,m,397
2016,Finnian,m,397
2016,Francis,m,397
2016,Fynn,m,397
2016,Gilbert,m,397
2016,Giuseppe,m,397
2016,Gordon,m,397
2016,Gurtaj,m,397
2016,Gus,m,397
2016,Haroon,m,397
2016,Heath,m,397
2016,Hector,m,397
2016,Hussain,m,397
2016,Ibrahim,m,397
2016,Isaak,m,397
2016,Ismail,m,397
2016,Issac,m,397
2016,Ivan,m,397
2016,Jachin,m,397
2016,Jaden,m,397
2016,Jakob,m,397
2016,Jalen,m,397
2016,Jared,m,397
2016,Jarrad,m,397
2016,Jeevan,m,397
2016,Jhett,m,397
2016,Johannes,m,397
2016,Johnathan,m,397
2016,Johnathon,m,397
2016,Johnny,m,397
2016,Josiah,m,397
2016,Kane,m,397
2016,Kareem,m,397
2016,Keanu,m,397
2016,Koen,m,397
2016,Kosta,m,397
2016,Kyan,m,397
2016,Lauchlan,m,397
2016,Lawrence,m,397
2016,Mac,m,397
2016,Mach,m,397
2016,Malek,m,397
2016,Marc,m,397
2016,Marcello,m,397
2016,Markus,m,397
2016,Marlon,m,397
2016,Massimo,m,397
2016,Mikael,m,397
2016,Milan,m,397
2016,Moses,m,397
2016,Nabil,m,397
2016,Neil,m,397
2016,Niko,m,397
2016,Nikolai,m,397
2016,Nima,m,397
2016,Olly,m,397
2016,Omar,m,397
2016,Paddy,m,397
2016,Paolo,m,397
2016,Percy,m,397
2016,Peyton,m,397
2016,Phillip,m,397
2016,Raiden,m,397
2016,Ralph,m,397
2016,Rayan,m,397
2016,Rayne,m,397
2016,Reginald,m,397
2016,Reid,m,397
2016,Rex,m,397
2016,Robbie,m,397
2016,Ronan,m,397
2016,Rowan,m,397
2016,Ruben,m,397
2016,Rylee,m,397
2016,Samir,m,397
2016,Santiago,m,397
2016,Santino,m,397
2016,Sid,m,397
2016,Sohail,m,397
2016,Talon,m,397
2016,Travis,m,397
2016,Trey,m,397
2016,Vasili,m,397
2016,Wade,m,397
2016,Wilson,m,397
2016,Wolfe,m,397
2016,Yousef,m,397
2016,Zach,m,397
2016,Zack,m,397
2016,Zain,m,397
2016,Zak,m,397
2016,Zakariya,m,397
2016,Zayn,m,397
2016,Zayne,m,397
2016,Zeke,m,397
2016,Zichen,m,397
2016,Aahaan,m,530
2016,Aarush,m,530
2016,Aaryan,m,530
2016,Abdulaziz,m,530
2016,Abhay,m,530
2016,Abraham,m,530
2016,Aden,m,530
2016,Adi,m,530
2016,Adriano,m,530
2016,Affan,m,530
2016,Ahmad,m,530
2016,Ajang,m,530
2016,Ajay,m,530
2016,Akshay,m,530
2016,Alan,m,530
2016,Aleksej,m,530
2016,Alexandros,m,530
2016,Alijah,m,530
2016,Alistair,m,530
2016,Allan,m,530
2016,Amaan,m,530
2016,Ambrose,m,530
2016,Andrei,m,530
2016,Angad,m,530
2016,Ansh,m,530
2016,Arash,m,530
2016,Archibald,m,530
2016,Arham,m,530
2016,Arjun,m,530
2016,Armani,m,530
2016,Artie,m,530
2016,Ashley,m,530
2016,Augustus,m,530
2016,Basil,m,530
2016,Bastien,m,530
2016,Benedict,m,530
2016,Benyamin,m,530
2016,Bernard,m,530
2016,Bilal,m,530
2016,Brenton,m,530
2016,Bronson,m,530
2016,Brooklyn,m,530
2016,Buddy,m,530
2016,Caelan,m,530
2016,Caiden,m,530
2016,Callen,m,530
2016,Carl,m,530
2016,Carson,m,530
2016,Cash,m,530
2016,Casper,m,530
2016,Cayden,m,530
2016,Cedric,m,530
2016,Charley,m,530
2016,Chen,m,530
2016,Chirag,m,530
2016,Clinton,m,530
2016,Cohan,m,530
2016,Colby,m,530
2016,Colton,m,530
2016,Conan,m,530
2016,Damian,m,530
2016,Danyal,m,530
2016,Darcey,m,530
2016,Deklan,m,530
2016,Dempsey,m,530
2016,Denver,m,530
2016,Derrick,m,530
2016,Devarsh,m,530
2016,Dhruv,m,530
2016,Domenico,m,530
2016,Dominick,m,530
2016,Dontae,m,530
2016,Duke,m,530
2016,Dyson,m,530
2016,Easton,m,530
2016,Edmund,m,530
2016,Edwin,m,530
2016,Eesa,m,530
2016,Ehan,m,530
2016,Ellis,m,530
2016,Elyas,m,530
2016,Evangelos,m,530
2016,Eythan,m,530
2016,Fabian,m,530
2016,Farhan,m,530
2016,Farid,m,530
2016,Filip,m,530
2016,Fox,m,530
2016,Freddie,m,530
2016,Frederic,m,530
2016,Gavin,m,530
2016,Geoffrey,m,530
2016,Gianni,m,530
2016,Gideon,m,530
2016,Giorgio,m,530
2016,Giovanni,m,530
2016,Gregory,m,530
2016,Guransh,m,530
2016,Gurshaan,m,530
2016,Haidar,m,530
2016,Hamilton,m,530
2016,Hank,m,530
2016,Harlee,m,530
2016,Harlyn,m,530
2016,Hartley,m,530
2016,Hashir,m,530
2016,Hemi,m,530
2016,Herbert,m,530
2016,Ibaad,m,530
2016,Ibraheem,m,530
2016,Ilya,m,530
2016,Immanuel,m,530
2016,Ismael,m,530
2016,Jagger,m,530
2016,Jameson,m,530
2016,Jarrod,m,530
2016,Jase,m,530
2016,Jaxxon,m,530
2016,Jenson,m,530
2016,Jessie,m,530
2016,Joaquin,m,530
2016,Joash,m,530
2016,Joe,m,530
2016,Johan,m,530
2016,Jok,m,530
2016,Jordy,m,530
2016,Jovan,m,530
2016,Julian,m,530
2016,Julius,m,530
2016,Kaison,m,530
2016,Kameron,m,530
2016,Karl,m,530
2016,Kasey,m,530
2016,Keith,m,530
2016,Kody,m,530
2016,Kohen,m,530
2016,Konrad,m,530
2016,Koopah,m,530
2016,Korban,m,530
2016,Kristian,m,530
2016,Kur,m,530
2016,Kurtis,m,530
2016,Ky,m,530
2016,Kylan,m,530
2016,Kyrie,m,530
2016,Lachie,m,530
2016,Latrell,m,530
2016,Laurence,m,530
2016,Leigh,m,530
2016,Leonard,m,530
2016,Leopold,m,530
2016,Leroy,m,530
2016,Linus,m,530
2016,Loki,m,530
2016,Lucius,m,530
2016,Luis,m,530
2016,Mabior,m,530
2016,Mace,m,530
2016,Mack,m,530
2016,Mahir,m,530
2016,Malakye,m,530
2016,Mantaj,m,530
2016,Marcel,m,530
2016,Mark,m,530
2016,Marko,m,530
2016,Mattia,m,530
2016,Maurice,m,530
2016,Mayen,m,530
2016,Memphis,m,530
2016,Mikel,m,530
2016,Milo,m,530
2016,Milton,m,530
2016,Mohamad,m,530
2016,Montgomery,m,530
2016,Morris,m,530
2016,Muhammed,m,530
2016,Mujtaba,m,530
2016,Murad,m,530
2016,Murray,m,530
2016,Mustafa,m,530
2016,Neer,m,530
2016,Nhat,m,530
2016,Nicolas,m,530
2016,Nikola,m,530
2016,Nikora,m,530
2016,Omer,m,530
2016,Oskar,m,530
2016,Pablo,m,530
2016,Panayiotis,m,530
2016,Pearce,m,530
2016,Perry,m,530
2016,Philip,m,530
2016,Pierce,m,530
2016,Quinn,m,530
2016,Quinton,m,530
2016,Rafferty,m,530
2016,Rami,m,530
2016,Ravi,m,530
2016,Rayyan,m,530
2016,Reilly,m,530
2016,Reyansh,m,530
2016,Rhett,m,530
2016,Rhiley,m,530
2016,Rian,m,530
2016,Ric,m,530
2016,Rishi,m,530
2016,Rivaan,m,530
2016,Roland,m,530
2016,Rome,m,530
2016,Romeo,m,530
2016,Roscoe,m,530
2016,Saharsh,m,530
2016,Sayed,m,530
2016,Sean,m,530
2016,Seyyed,m,530
2016,Shae,m,530
2016,Shayan,m,530
2016,Shivansh,m,530
2016,Soheil,m,530
2016,Stanley,m,530
2016,Stratos,m,530
2016,Suhaan,m,530
2016,Suhail,m,530
2016,Sulaiman,m,530
2016,Sunny,m,530
2016,Sydney,m,530
2016,Syed,m,530
2016,Taha,m,530
2016,Tait,m,530
2016,Tasman,m,530
2016,Tavish,m,530
2016,Tegbir,m,530
2016,Tegh,m,530
2016,Tex,m,530
2016,Texas,m,530
2016,Thaddeus,m,530
2016,Tommy,m,530
2016,Tony,m,530
2016,Troy,m,530
2016,Ty,m,530
2016,Vann,m,530
2016,Vansh,m,530
2016,Vihaan,m,530
2016,Vivan,m,530
2016,Walker,m,530
2016,Weston,m,530
2016,Wilbur,m,530
2016,Wilfred,m,530
2016,Willem,m,530
2016,Wolfgang,m,530
2016,Yaseen,m,530
2016,Yusuf,m,530
2016,Zackary,m,530
2016,Zaiden,m,530
2016,Zayden,m,530
2016,Zaylen,m,530
2016,Zhen,m,530
2016,'olioni,m,787
2016,Aadam,m,787
2016,Aadvik,m,787
2016,Aahan,m,787
2016,Aahir,m,787
2016,Aaiden,m,787
2016,Aakarsh,m,787
2016,Aakya,m,787
2016,Aalam,m,787
2016,Aanav,m,787
2016,Aaqil,m,787
2016,Aaraav,m,787
2016,Aaravv,m,787
2016,Aaren,m,787
2016,Aarish,m,787
2016,Aariz,m,787
2016,Aarnav,m,787
2016,Aarya,m,787
2016,Aavash,m,787
2016,Aayan,m,787
2016,Abdulhakim,m,787
2016,Abema,m,787
2016,Abhiraj,m,787
2016,Abhiram,m,787
2016,Abhyuday,m,787
2016,Abijot,m,787
2016,Abiral,m,787
2016,Abolfaz,m,787
2016,Abram,m,787
2016,Abulfazel,m,787
2016,Abyan,m,787
2016,Achiek-lyric,m,787
2016,Achilles,m,787
2016,Achutan,m,787
2016,Adeeb,m,787
2016,Adeev,m,787
2016,Adian,m,787
2016,Adikus,m,787
2016,Aditya,m,787
2016,Adlan,m,787
2016,Adoor,m,787
2016,Adrien,m,787
2016,Adrijan,m,787
2016,Adyan,m,787
2016,Aedan,m,787
2016,Aengus,m,787
2016,Agampreet,m,787
2016,Ahan,m,787
2016,Ahem,m,787
2016,Ahmmed,m,787
2016,Ahren,m,787
2016,Ahronjeet,m,787
2016,Aithen,m,787
2016,Ajak,m,787
2016,Ajit,m,787
2016,Ake,m,787
2016,Akhilan,m,787
2016,Akhtarlicht,m,787
2016,Akol,m,787
2016,Akoon,m,787
2016,Akram,m,787
2016,Alaak,m,787
2016,Albey,m,787
2016,Aleck,m,787
2016,Aleem,m,787
2016,Alek,m,787
2016,Alekzander,m,787
2016,Alesso,m,787
2016,Alexis,m,787
2016,Alhakam,m,787
2016,Allen,m,787
2016,Almos,m,787
2016,Alois,m,787
2016,Alon,m,787
2016,Alonso,m,787
2016,Alpha,m,787
2016,Alston,m,787
2016,Alucard,m,787
2016,Alvaro,m,787
2016,Aly,m,787
2016,Alyasa,m,787
2016,Aman,m,787
2016,Amandeep,m,787
2016,Amaobi,m,787
2016,Amar,m,787
2016,Amara,m,787
2016,Amay,m,787
2016,Amel,m,787
2016,Amin,m,787
2016,Amini,m,787
2016,Amish,m,787
2016,Amittai,m,787
2016,Ammar,m,787
2016,Ammiel,m,787
2016,Amos,m,787
2016,Amosbiakkim,m,787
2016,Amrinder,m,787
2016,Amulya,m,787
2016,An,m,787
2016,Anakin,m,787
2016,Ananda,m,787
2016,Anantbir,m,787
2016,Anantveer,m,787
2016,Anas,m,787
2016,Anastase,m,787
2016,Anbo,m,787
2016,Anderson,m,787
2016,Andrea,m,787
2016,Andres,m,787
2016,Andrias,m,787
2016,Angadveer,m,787
2016,Anh,m,787
2016,Anirudh,m,787
2016,Anmol,m,787
2016,Anrui,m,787
2016,Antohn,m,787
2016,Antoine,m,787
2016,Anush,m,787
2016,Ao,m,787
2016,Apollo,m,787
2016,Apostolos,m,787
2016,Araad,m,787
2016,Archimedes,m,787
2016,Arda,m,787
2016,Ares,m,787
2016,Arhaan,m,787
2016,Ariath,m,787
2016,Ariel,m,787
2016,Arif,m,787
2016,Arikai,m,787
2016,Ariki,m,787
2016,Aris,m,787
2016,Aristotelis,m,787
2016,Arius,m,787
2016,Arken,m,787
2016,Arlen,m,787
2016,Arlin,m,787
2016,Armaandeep,m,787
2016,Arnold,m,787
2016,Aron,m,787
2016,Arrow,m,787
2016,Arsene,m,787
2016,Arshin,m,787
2016,Arshmeet,m,787
2016,Arshvir,m,787
2016,Arta,m,787
2016,Artin,m,787
2016,Arvin,m,787
2016,Arwyn,m,787
2016,Aryk,m,787
2016,Aryn,m,787
2016,Asghar,m,787
2016,Asha,m,787
2016,Ashden,m,787
2016,Ashington,m,787
2016,Ashish,m,787
2016,Ashtonn,m,787
2016,Astyn,m,787
2016,Athan,m,787
2016,Atharv,m,787
2016,Athit,m,787
2016,Athiyan,m,787
2016,Athul,m,787
2016,Atish,m,787
2016,Atreya,m,787
2016,Aubrey,m,787
2016,Auguste,m,787
2016,Auron,m,787
2016,Avitaj,m,787
2016,Avneet,m,787
2016,Avraham,m,787
2016,Avraj,m,787
2016,Axelian,m,787
2016,Axle,m,787
2016,Axton,m,787
2016,Axyl,m,787
2016,Ayansh,m,787
2016,Aybek,m,787
2016,Aybel,m,787
2016,Ayce,m,787
2016,Aydan,m,787
2016,Ayumbi,m,787
2016,Ayush,m,787
2016,Ayyub,m,787
2016,Azan,m,787
2016,Azayah,m,787
2016,Aziz,m,787
2016,Azlan,m,787
2016,Azyan,m,787
2016,Azyk,m,787
2016,Babin,m,787
2016,Baby,m,787
2016,Bade,m,787
2016,Baden,m,787
2016,Baer,m,787
2016,Bahadir,m,787
2016,Bain,m,787
2016,Baine,m,787
2016,Baisong,m,787
2016,Baldacci,m,787
2016,Barsam,m,787
2016,Bassam,m,787
2016,Bassel,m,787
2016,Baxter,m,787
2016,Baydn,m,787
2016,Baydon,m,787
2016,Baylen,m,787
2016,Baylor,m,787
2016,Bayram,m,787
2016,Beckett,m,787
2016,Bekim,m,787
2016,Bellamy,m,787
2016,Bennett,m,787
2016,Bensley,m,787
2016,Benson,m,787
2016,Beren,m,787
2016,Berkin,m,787
2016,Bertie,m,787
2016,Bexley,m,787
2016,Beyleigh,m,787
2016,Bhagvat,m,787
2016,Bhavan,m,787
2016,Bhavjot,m,787
2016,Bibek,m,787
2016,Biren,m,787
2016,Blaise,m,787
2016,Blaize,m,787
2016,Bochen,m,787
2016,Bodie,m,787
2016,Bohdee,m,787
2016,Boris,m,787
2016,Bosco,m,787
2016,Bowie,m,787
2016,Boyd,m,787
2016,Brady,m,787
2016,Braedyn,m,787
2016,Braiden,m,787
2016,Brandon,m,787
2016,Branko,m,787
2016,Branson,m,787
2016,Braxtan,m,787
2016,Brendan,m,787
2016,Brentley,m,787
2016,Brice,m,787
2016,Brijesh,m,787
2016,Briyan,m,787
2016,Bronx,m,787
2016,Brycen,m,787
2016,Buol,m,787
2016,Cada,m,787
2016,Cahleb,m,787
2016,Cailen,m,787
2016,Caine,m,787
2016,Cali,m,787
2016,Cali-jay,m,787
2016,Callington,m,787
2016,Cam,m,787
2016,Cameron-bradley,m,787
2016,Carlito,m,787
2016,Carlo,m,787
2016,Case,m,787
2016,Cashel,m,787
2016,Cason,m,787
2016,Caspian,m,787
2016,Cassius,m,787
2016,Castiel,m,787
2016,Cayde,m,787
2016,Cecil,m,787
2016,Ceejay,m,787
2016,Cesare,m,787
2016,Chace,m,787
2016,Chad,m,787
2016,Chanc,m,787
2016,Chandler,m,787
2016,Chavez,m,787
2016,Che,m,787
2016,Chengshen,m,787
2016,Chesney,m,787
2016,Cheston,m,787
2016,Chet,m,787
2016,Chip,m,787
2016,Chizitere,m,787
2016,Chol,m,787
2016,Chris,m,787
2016,Chrystian,m,787
2016,Chuck,m,787
2016,Cian,m,787
2016,Cienggan,m,787
2016,Cjay,m,787
2016,Clark,m,787
2016,Clarke,m,787
2016,Clarry,m,787
2016,Clay,m,787
2016,Clayton,m,787
2016,Clement,m,787
2016,Cloud,m,787
2016,Cobain,m,787
2016,Coden,m,787
2016,Colby-scott,m,787
2016,Colt,m,787
2016,Conal,m,787
2016,Conrad,m,787
2016,Constantine,m,787
2016,Conway,m,787
2016,Corann,m,787
2016,Corbin,m,787
2016,Cordell,m,787
2016,Corey-joe,m,787
2016,Cornelius,m,787
2016,Cove,m,787
2016,Craig,m,787
2016,Creed,m,787
2016,Crisdeep,m,787
2016,Cristian,m,787
2016,Cristiano,m,787
2016,Crosbie,m,787
2016,Cung,m,787
2016,Cy,m,787
2016,Cyer,m,787
2016,Cylus,m,787
2016,Daanish,m,787
2016,Daawar,m,787
2016,Dacian,m,787
2016,Daemon,m,787
2016,Daequarn,m,787
2016,Dah,m,787
2016,Dale,m,787
2016,Dalton,m,787
2016,Damaris,m,787
2016,Damon,m,787
2016,Daneel,m,787
2016,Daniel-justin,m,787
2016,Danil,m,787
2016,Daniyal,m,787
2016,Danuja,m,787
2016,Danusha,m,787
2016,Danvir,m,787
2016,Dany,m,787
2016,Darin,m,787
2016,Darius,m,787
2016,Darnell,m,787
2016,Dashiell,m,787
2016,Dastan,m,787
2016,Dastyn,m,787
2016,Davi,m,787
2016,Davis,m,787
2016,Dawson,m,787
2016,Dax,m,787
2016,Daxon,m,787
2016,Degmen,m,787
2016,Dekayden,m,787
2016,Deklan-tony,m,787
2016,Delan,m,787
2016,Deljay-khyjuan,m,787
2016,Delyth,m,787
2016,Deng-athiei,m,787
2016,Denholm,m,787
2016,Dennis,m,787
2016,Denys,m,787
2016,Denzell,m,787
2016,Deon,m,787
2016,Deondre,m,787
2016,Deqing,m,787
2016,Desmond,m,787
2016,Devin,m,787
2016,Devon,m,787
2016,Devonn,m,787
2016,Dharma,m,787
2016,Dhivyansh,m,787
2016,Dhrish,m,787
2016,Dhvij,m,787
2016,Dhyan,m,787
2016,Dhyey,m,787
2016,Diamandi,m,787
2016,Diego,m,787
2016,Digby,m,787
2016,Dilan,m,787
2016,Diliora,m,787
2016,Dilsher,m,787
2016,Dimitri-george,m,787
2016,Dinesh,m,787
2016,Dionysios,m,787
2016,Dipson,m,787
2016,Divam,m,787
2016,Divine,m,787
2016,Divjit,m,787
2016,Divyam,m,787
2016,Diyon,m,787
2016,Djordje,m,787
2016,Dmitri,m,787
2016,Dmitriy,m,787
2016,Dom,m,787
2016,Domanik,m,787
2016,Domenic,m,787
2016,Domonic,m,787
2016,Donnacha,m,787
2016,Donny,m,787
2016,Donovan,m,787
2016,Dontay,m,787
2016,Donte,m,787
2016,Dorian,m,787
2016,Dougal,m,787
2016,Drake,m,787
2016,Draven,m,787
2016,Drearloh,m,787
2016,Dreydan,m,787
2016,Drummond,m,787
2016,Duc,m,787
2016,Dudley,m,787
2016,Duheim,m,787
2016,Dushane,m,787
2016,Duy-anh,m,787
2016,Dwayne,m,787
2016,Eben,m,787
2016,Ebenezer,m,787
2016,Eden,m,787
2016,Edgar,m,787
2016,Edin,m,787
2016,Edric,m,787
2016,Edris,m,787
2016,Edson,m,787
2016,Eduardo,m,787
2016,"Edward,",m,787
2016,Efrail,m,787
2016,Ehaan,m,787
2016,Ekattor,m,787
2016,Eknoor,m,787
2016,Ekroop,m,787
2016,Elden,m,787
2016,Eldo,m,787
2016,Eldon,m,787
2016,Eleya,m,787
2016,Elgan,m,787
2016,Elham,m,787
2016,Eligh,m,787
2016,Elijah-brock,m,787
2016,Elijah-james,m,787
2016,Elio,m,787
2016,Eliseo,m,787
2016,Eliya,m,787
2016,Elli,m,787
2016,Ellington,m,787
2016,Elmaan,m,787
2016,Elson,m,787
2016,Elvin,m,787
2016,Elvis,m,787
2016,Elwin,m,787
2016,Elwood,m,787
2016,Elwyn,m,787
2016,Elzad,m,787
2016,Emanuele,m,787
2016,Emmanual,m,787
2016,Emran,m,787
2016,Enguang,m,787
2016,Enso,m,787
2016,Erfan,m,787
2016,Eris,m,787
2016,Ermia,m,787
2016,Ernest,m,787
2016,Ernesto,m,787
2016,Eryk,m,787
2016,Eskadmas,m,787
2016,Etienne,m,787
2016,Euan,m,787
2016,Evaan,m,787
2016,Evander,m,787
2016,Everest,m,787
2016,Eveson,m,787
2016,Eyob,m,787
2016,Faaiz,m,787
2016,Fabrice,m,787
2016,Fahad,m,787
2016,Faiyaz,m,787
2016,Farhad,m,787
2016,Faris,m,787
2016,Fatehveer,m,787
2016,Fatir,m,787
2016,Fayez,m,787
2016,Faysal,m,787
2016,Felipe,m,787
2016,Fenix,m,787
2016,Fereidoon,m,787
2016,Fidel,m,787
2016,Finlo,m,787
2016,Finnan,m,787
2016,Finnegan,m,787
2016,Finnlay,m,787
2016,Finnley,m,787
2016,Fletch,m,787
2016,Folad,m,787
2016,Forest,m,787
2016,Forrest,m,787
2016,Foss,m,787
2016,Foster,m,787
2016,Fraiser,m,787
2016,Fraser,m,787
2016,Fred,m,787
2016,Freddy,m,787
2016,Frederik,m,787
2016,Furqan,m,787
2016,Gabby,m,787
2016,Gabe,m,787
2016,Gage,m,787
2016,Ganeev,m,787
2016,Garfield,m,787
2016,Gauransh,m,787
2016,Gautham,m,787
2016,Gavi,m,787
2016,Gavriel,m,787
2016,Gene,m,787
2016,Geordie,m,787
2016,Georgio,m,787
2016,Georgios,m,787
2016,Geremyah,m,787
2016,Gianluca,m,787
2016,Gillan,m,787
2016,Gino,m,787
2016,Girivar,m,787
2016,Goran,m,787
2016,Graham,m,787
2016,Graison,m,787
2016,Grant,m,787
2016,Graysen,m,787
2016,Gregg,m,787
2016,Greyson,m,787
2016,Guanlin,m,787
2016,Guntaas,m,787
2016,Gurbaaz,m,787
2016,Gurbaj,m,787
2016,Gurech,m,787
2016,Gurjas,m,787
2016,Gurman,m,787
2016,Gurnoor,m,787
2016,Gurshabad,m,787
2016,Gurtaz,m,787
2016,Gurupdesh,m,787
2016,Gurvansh,m,787
2016,Guut,m,787
2016,Guy,m,787
2016,Haafit,m,787
2016,Haare,m,787
2016,Haaris,m,787
2016,Habib,m,787
2016,Hadi,m,787
2016,Hadlee,m,787
2016,Hai,m,787
2016,Haiden,m,787
2016,Haider,m,787
2016,Hakar,m,787
2016,Hakim,m,787
2016,Halim,m,787
2016,Hamid,m,787
2016,Hamza,m,787
2016,Hamzah,m,787
2016,Han,m,787
2016,Hannibal,m,787
2016,Hanrui,m,787
2016,Hans,m,787
2016,Hansel,m,787
2016,Haoxuan,m,787
2016,Hardy,m,787
2016,Harith,m,787
2016,Harjevan,m,787
2016,Harjot,m,787
2016,Harland,m,787
2016,Harlo,m,787
2016,Harlon,m,787
2016,Harnidh,m,787
2016,Harold,m,787
2016,Harshaan,m,787
2016,Harsidak,m,787
2016,Harsimran,m,787
2016,Harvest,m,787
2016,Harvey-lee,m,787
2016,Harvir,m,787
2016,Hasan,m,787
2016,Hasnain,m,787
2016,Hassaan,m,787
2016,Hasya,m,787
2016,Haven,m,787
2016,Hawke,m,787
2016,Hawon,m,787
2016,Hayder,m,787
2016,Hayoon,m,787
2016,Haze,m,787
2016,Hernphar,m,787
2016,Heston,m,787
2016,Heth,m,787
2016,Hirdey,m,787
2016,Hiro,m,787
2016,Hirsa,m,787
2016,Hoang,m,787
2016,Holden,m,787
2016,Hopper,m,787
2016,Hosea,m,787
2016,Howard,m,787
2016,Hozan,m,787
2016,Huan,m,787
2016,Hubert,m,787
2016,Huey,m,787
2016,Hughie,m,787
2016,Huon,m,787
2016,Hurricane,m,787
2016,Hussein,m,787
2016,Hussien,m,787
2016,Huu,m,787
2016,Huy,m,787
2016,Hyson,m,787
2016,Hyunbeen,m,787
2016,Iancu,m,787
2016,Idris,m,787
2016,Ignacio,m,787
2016,Ihsan,m,787
2016,Ilario,m,787
2016,Iliya,m,787
2016,Illya,m,787
2016,Ilyaas,m,787
2016,Ilyas,m,787
2016,Imani,m,787
2016,Imraaj,m,787
2016,Imran,m,787
2016,Innocent,m,787
2016,Ioanni,m,787
2016,Ioannis,m,787
2016,Iqraab,m,787
2016,Irhaam,m,787
2016,Isac,m,787
2016,Isaija,m,787
2016,Isak,m,787
2016,Ishmael,m,787
2016,Ishmeet,m,787
2016,Ivaan,m,787
2016,Ivor,m,787
2016,Ivraj,m,787
2016,Izaac,m,787
2016,Izaak,m,787
2016,Izac,m,787
2016,Izaya,m,787
2016,Izyan,m,787
2016,Jabari,m,787
2016,Jaber,m,787
2016,Jacoby,m,787
2016,Jacques,m,787
2016,Jacquin,m,787
2016,Jade,m,787
2016,Jae,m,787
2016,Jago,m,787
2016,Jaguar,m,787
2016,Jahmal,m,787
2016,Jai-ngam,m,787
2016,Jaibir,m,787
2016,Jaiden,m,787
2016,Jailen,m,787
2016,Jaime,m,787
2016,Jaineel,m,787
2016,Jairell,m,787
2016,Jaisen,m,787
2016,Jaivin,m,787
2016,Jaiwish,m,787
2016,Jak,m,787
2016,Jakov,m,787
2016,Jamahl,m,787
2016,Jamaine,m,787
2016,Jamison,m,787
2016,Janvon,m,787
2016,Japheth,m,787
2016,Japman,m,787
2016,Jarlath,m,787
2016,Jarli,m,787
2016,Jarman,m,787
2016,Jarnail,m,787
2016,Jarrell,m,787
2016,Jarrett,m,787
2016,Jarvey,m,787
2016,Jarvis,m,787
2016,Jashan,m,787
2016,Jashanjot,m,787
2016,Jaskirat,m,787
2016,Jasmeh,m,787
2016,Jasmehraj,m,787
2016,Jasnoor,m,787
2016,Javan,m,787
2016,Jaxson-elliott,m,787
2016,Jaxton,m,787
2016,Jaxx,m,787
2016,Jaykobie,m,787
2016,Jaylor,m,787
2016,Jaylynn,m,787
2016,Jayme,m,787
2016,Jaymes,m,787
2016,Jayson,m,787
2016,Jayven,m,787
2016,Jebb,m,787
2016,Jebediah,m,787
2016,Jec,m,787
2016,Jedah,m,787
2016,Jediah,m,787
2016,Jedrik,m,787
2016,Jeffen,m,787
2016,Jeffrey,m,787
2016,Jekob,m,787
2016,Jene,m,787
2016,Jenish,m,787
2016,Jep,m,787
2016,Jer'kydon,m,787
2016,Jericho,m,787
2016,Jerimiah,m,787
2016,Jerin,m,787
2016,Jeroen,m,787
2016,Jesiah,m,787
2016,Jess,m,787
2016,Jessep,m,787
2016,Jessmilan,m,787
2016,Jetho,m,787
2016,Jetrin,m,787
2016,Jeush,m,787
2016,Jezreel,m,787
2016,Jezriel,m,787
2016,Jhetti,m,787
2016,Jhirohne,m,787
2016,Jiaan,m,787
2016,Jiadong,m,787
2016,Jiahe,m,787
2016,Jiaheng,m,787
2016,Jiahui,m,787
2016,Jiarui,m,787
2016,Jigar,m,787
2016,Jim,m,787
2016,Jing,m,787
2016,Jireh,m,787
2016,Jishan,m,787
2016,Joachim,m,787
2016,Joaquim,m,787
2016,Joba,m,787
2016,Joeb,m,787
2016,Joey,m,787
2016,Johnpaul,m,787
2016,Johnson,m,787
2016,Johvi,m,787
2016,Jojo,m,787
2016,Jon,m,787
2016,Jonas,m,787
2016,Jonathon,m,787
2016,Jonny,m,787
2016,Jonothan,m,787
2016,Jonti,m,787
2016,Joon,m,787
2016,Jorani-sirayboth,m,787
2016,Jordie,m,787
2016,Jordon,m,787
2016,Jorge,m,787
2016,Josef,m,787
2016,Josh,m,787
2016,Joshuwa,m,787
2016,Joss,m,787
2016,Joy,m,787
2016,Joze,m,787
2016,Jozef,m,787
2016,Juac,m,787
2016,Juan,m,787
2016,Judah,m,787
2016,Jujhar,m,787
2016,Jukah,m,787
2016,Jun,m,787
2016,Junior,m,787
2016,Juwan,m,787
2016,Kacey,m,787
2016,Kadam,m,787
2016,Kaedon,m,787
2016,Kaelan,m,787
2016,Kaelen,m,787
2016,Kaichun,m,787
2016,Kaide,m,787
2016,Kaien,m,787
2016,Kaileb,m,787
2016,Kain,m,787
2016,Kaio,m,787
2016,Kaiser,m,787
2016,Kaius,m,787
2016,Kaiwen,m,787
2016,Kaiya,m,787
2016,Kale,m,787
2016,Kallan,m,787
2016,Kallen,m,787
2016,Kalob,m,787
2016,Kamil,m,787
2016,Kamillo,m,787
2016,Kamran,m,787
2016,Kanai,m,787
2016,Kanish,m,787
2016,Kanwarpratap,m,787
2016,Karam,m,787
2016,Karan,m,787
2016,Karanveer,m,787
2016,Karson,m,787
2016,Karter,m,787
2016,Karwin,m,787
2016,Karyy,m,787
2016,Kash,m,787
2016,Kasra,m,787
2016,Katayi,m,787
2016,Kathiravan,m,787
2016,Kaveesh,m,787
2016,Kavin,m,787
2016,Kavish,m,787
2016,Kaya,m,787
2016,Kaydyn,m,787
2016,Kayne,m,787
2016,Kaysen,m,787
2016,Kayson,m,787
2016,Kc,m,787
2016,Keahi,m,787
2016,Kean,m,787
2016,Keaton,m,787
2016,Keeman,m,787
2016,Keenan,m,787
2016,Kees,m,787
2016,Keli,m,787
2016,Keller,m,787
2016,Kelly,m,787
2016,Kelvin,m,787
2016,Ken,m,787
2016,Kennedy,m,787
2016,Kenrick,m,787
2016,Kenta,m,787
2016,Kenton,m,787
2016,Kenula,m,787
2016,Keonie,m,787
2016,Kerim,m,787
2016,Keron,m,787
2016,Kerrison,m,787
2016,Keyush,m,787
2016,Khadar,m,787
2016,Khai,m,787
2016,Khalen,m,787
2016,Khalid,m,787
2016,Khamis,m,787
2016,Khang,m,787
2016,Khaqan,m,787
2016,Khodi,m,787
2016,Khol,m,787
2016,Khristoph-rae,m,787
2016,Khush,m,787
2016,Khyda,m,787
2016,Khye,m,787
2016,Khylo,m,787
2016,Kiaan,m,787
2016,Kidus,m,787
2016,Kien,m,787
2016,Kingita,m,787
2016,Kingston-leo,m,787
2016,Kion,m,787
2016,Kiran,m,787
2016,Kiratveer,m,787
2016,Kirin,m,787
2016,Kit,m,787
2016,Kitto,m,787
2016,Kobie,m,787
2016,Kobin,m,787
2016,Kobiraii,m,787
2016,Kodi,m,787
2016,Kohan,m,787
2016,Kohban,m,787
2016,Kohl,m,787
2016,Koji,m,787
2016,Koko,m,787
2016,Kol,m,787
2016,Kolang,m,787
2016,Kole,m,787
2016,Konna,m,787
2016,Korbin,m,787
2016,Kori,m,787
2016,Kou,m,787
2016,Kozma,m,787
2016,Kratos,m,787
2016,Krijal,m,787
2016,Krish,m,787
2016,Krishiv,m,787
2016,Krishiva,m,787
2016,Krithik,m,787
2016,Kruz,m,787
2016,Kuei,m,787
2016,Kujo,m,787
2016,Kuot,m,787
2016,Kurtly,m,787
2016,Kuzma,m,787
2016,Kyden,m,787
2016,Kye-shai,m,787
2016,Kyen,m,787
2016,Kyeson,m,787
2016,Kyo,m,787
2016,Kyoga,m,787
2016,Kyran,m,787
2016,Kyreece,m,787
2016,Kyriacos,m,787
2016,Kyriako,m,787
2016,Kyriakos,m,787
2016,Kyrin,m,787
2016,Kyson,m,787
2016,Lach,m,787
2016,Lacklun,m,787
2016,Laiken,m,787
2016,Laikin,m,787
2016,Laikyn,m,787
2016,Lakelan,m,787
2016,Laksh,m,787
2016,Lamine,m,787
2016,Lance,m,787
2016,Landen,m,787
2016,Landon,m,787
2016,Lane,m,787
2016,Lason,m,787
2016,Laszlo,m,787
2016,Laurance,m,787
2016,Le,m,787
2016,Leandro,m,787
2016,Lebron,m,787
2016,Ledger,m,787
2016,Leek,m,787
2016,Legion,m,787
2016,Leighjay,m,787
2016,Leighton,m,787
2016,Leikolo,m,787
2016,Leion,m,787
2016,Lekamwasam,m,787
2016,Lem,m,787
2016,Lennon,m,787
2016,Lenon,m,787
2016,Lenyx,m,787
2016,Leone,m,787
2016,Leylan,m,787
2016,Liem,m,787
2016,Linden,m,787
2016,Lindsay,m,787
2016,Linken,m,787
2016,Lino,m,787
2016,Lior,m,787
2016,Lison,m,787
2016,Lithvik,m,787
2016,Lleyton,m,787
2016,Lochlan-lee,m,787
2016,Lockie,m,787
2016,Loghan,m,787
2016,Logyn,m,787
2016,Loukas,m,787
2016,Lual,m,787
2016,Luca-james,m,787
2016,Lucian,m,787
2016,Luciano,m,787
2016,Lueth,m,787
2016,Luqman,m,787
2016,Luthais,m,787
2016,Luther,m,787
2016,Luv,m,787
2016,Lyndon,m,787
2016,Lyric,m,787
2016,Maani,m,787
2016,Maanit,m,787
2016,Maarut,m,787
2016,Madawala,m,787
2016,Maddix,m,787
2016,Mads,m,787
2016,Maheem,m,787
2016,Maher,m,787
2016,Mahmood,m,787
2016,Mahmoud,m,787
2016,Mahrus,m,787
2016,Mahtabjot,m,787
2016,Mahyar,m,787
2016,Makai,m,787
2016,Makaylis,m,787
2016,Makhi,m,787
2016,Makuei,m,787
2016,Malachy,m,787
2016,Malekai,m,787
2016,Malen,m,787
2016,Maliken,m,787
2016,Mallee,m,787
2016,Malli,m,787
2016,Malou,m,787
2016,Mandela,m,787
2016,Mangok,m,787
2016,Manolo,m,787
2016,Manraaj,m,787
2016,Manraj,m,787
2016,Mantaz,m,787
2016,Manvir,m,787
2016,Manwant,m,787
2016,Manwel,m,787
2016,Marcelo,m,787
2016,Mario,m,787
2016,Marios,m,787
2016,Markos,m,787
2016,Marte-petar,m,787
2016,Marvin,m,787
2016,Mase,m,787
2016,Maseh,m,787
2016,Mashiyat,m,787
2016,Mateenuddin,m,787
2016,Mateo,m,787
2016,Mathew,m,787
2016,Matisse,m,787
2016,Matiu,m,787
2016,Matt,m,787
2016,Matteus,m,787
2016,Mattheas,m,787
2016,Maxen,m,787
2016,Maximilian,m,787
2016,Maximillian,m,787
2016,Maxton,m,787
2016,Mayson,m,787
2016,Mayton,m,787
2016,Mba,m,787
2016,Mc,m,787
2016,Md,m,787
2016,Meer,m,787
2016,Mehtaab,m,787
2016,Mehtab,m,787
2016,Mel,m,787
2016,Melekai,m,787
2016,Merennage,m,787
2016,Mick,m,787
2016,Micky,m,787
2016,Miguel,m,787
2016,Mihail,m,787
2016,Mikhail,m,787
2016,Mikihiro,m,787
2016,Mikyle,m,787
2016,Milad,m,787
2016,Mile,m,787
2016,Mingzu,m,787
2016,Miron,m,787
2016,Mirza,m,787
2016,Mitansh,m,787
2016,Mitch,m,787
2016,Mithum,m,787
2016,Mito,m,787
2016,Mo,m,787
2016,Modesireoluwa,m,787
2016,Mohid,m,787
2016,Mohsen,m,787
2016,Monipong,m,787
2016,Montero,m,787
2016,Mordecai,m,787
2016,Morley,m,787
2016,Morrison,m,787
2016,Mortensen,m,787
2016,Mourya,m,787
2016,Mroan,m,787
2016,Muaz,m,787
2016,Mubashir,m,787
2016,Mubin,m,787
2016,Mudabbir,m,787
2016,Mudiwa,m,787
2016,Muneeb,m,787
2016,Muntadher,m,787
2016,Murari,m,787
2016,Murtaza,m,787
2016,Mutale,m,787
2016,Muwahid,m,787
2016,Muyisa,m,787
2016,Mytham,m,787
2016,Nadim,m,787
2016,Naite,m,787
2016,Naitik,m,787
2016,Nakhulan,m,787
2016,Nakoa,m,787
2016,Nam,m,787
2016,Naman,m,787
2016,Nanqiu,m,787
2016,Navarone,m,787
2016,Navarro,m,787
2016,Navid,m,787
2016,Navya,m,787
2016,Naweed,m,787
2016,Nayan,m,787
2016,Nayte,m,787
2016,Neel,m,787
2016,Neo,m,787
2016,Neshaun,m,787
2016,Netana,m,787
2016,Nethika,m,787
2016,Nhan,m,787
2016,Nickolas,m,787
2016,Nico,m,787
2016,Nidhan,m,787
2016,Nidhish,m,787
2016,Nihal,m,787
2016,Nikesh,m,787
2016,Nikhith,m,787
2016,Nikias,m,787
2016,Niklaus,m,787
2016,Nikolaos,m,787
2016,Nimith,m,787
2016,Nimr,m,787
2016,Nirav,m,787
2016,Nishaan,m,787
2016,Nitpreet,m,787
2016,Nnaemeka,m,787
2016,Noam,m,787
2016,Noel,m,787
2016,Nohad,m,787
2016,Nolan,m,787
2016,Noor,m,787
2016,Norton,m,787
2016,Novak,m,787
2016,Noyan,m,787
2016,Nuhan,m,787
2016,Nullah,m,787
2016,Numan,m,787
2016,Oaklan,m,787
2016,Oakland,m,787
2016,Obadiah,m,787
2016,Obed,m,787
2016,Oden,m,787
2016,Odie,m,787
2016,Oisin,m,787
2016,Ojas,m,787
2016,Ojash,m,787
2016,Olyver,m,787
2016,Omari,m,787
2016,Omid,m,787
2016,Ondre,m,787
2016,Onyx,m,787
2016,Orion,m,787
2016,Orson,m,787
2016,Orville,m,787
2016,Oryan,m,787
2016,Oscar-dee,m,787
2016,Oscar-phong,m,787
2016,Othniel,m,787
2016,Ove,m,787
2016,Owais,m,787
2016,Oxled,m,787
2016,Pahuldeep,m,787
2016,Palvith,m,787
2016,Panhaseth,m,787
2016,Parkyn,m,787
2016,Parth,m,787
2016,Parv,m,787
2016,Pascoe,m,787
2016,Pasquale,m,787
2016,Patrick-leo,m,787
2016,Pavitarjot,m,787
2016,Pavjol,m,787
2016,Pavteg,m,787
2016,Paxon,m,787
2016,Paxten,m,787
2016,Pearson,m,787
2016,Pedro,m,787
2016,Penn,m,787
2016,Phoenyx,m,787
2016,Piers,m,787
2016,Pietro,m,787
2016,Piri,m,787
2016,Pollowan,m,787
2016,Pollux,m,787
2016,Prabh,m,787
2016,Prabhmehar,m,787
2016,Pranav,m,787
2016,Pray,m,787
2016,Prihaan,m,787
2016,Purajith,m,787
2016,Puthireach,m,787
2016,Qasim,m,787
2016,Qi,m,787
2016,Qianyuan,m,787
2016,Qin,m,787
2016,Qiyuan,m,787
2016,Quade,m,787
2016,Quang,m,787
2016,Quintin,m,787
2016,Raahim,m,787
2016,Rachit,m,787
2016,Raed,m,787
2016,Raffaele,m,787
2016,Raffasya,m,787
2016,Rafi,m,787
2016,Raghav,m,787
2016,Rahimi,m,787
2016,Rahmo,m,787
2016,Rain,m,787
2016,Rajmit,m,787
2016,Ramjeet,m,787
2016,Ramone,m,787
2016,Ranbir,m,787
2016,Randinu,m,787
2016,Ranidu,m,787
2016,Ransh,m,787
2016,Rashed,m,787
2016,Rashimoriq,m,787
2016,Rasil,m,787
2016,Ratu,m,787
2016,Ray,m,787
2016,Rayden,m,787
2016,Reed,m,787
2016,Reef,m,787
2016,Reeve,m,787
2016,Regan,m,787
2016,Rehan,m,787
2016,Reidar,m,787
2016,Reiley,m,787
2016,Reinhard,m,787
2016,Remi,m,787
2016,Remzo,m,787
2016,Renato,m,787
2016,Rene,m,787
2016,Reng,m,787
2016,Reo,m,787
2016,Reshaad,m,787
2016,Rev,m,787
2016,Rhegan,m,787
2016,Rhonin,m,787
2016,Rhyan,m,787
2016,Rhyce,m,787
2016,Rhyder,m,787
2016,Rhyker,m,787
2016,Rhylen,m,787
2016,Rhyley,m,787
2016,Rhythm,m,787
2016,Riaan,m,787
2016,Riaanvir,m,787
2016,Riansh,m,787
2016,Rielly,m,787
2016,Rielyn,m,787
2016,Rikin,m,787
2016,Rileyn,m,787
2016,"Ring,deng",m,787
2016,Rio,m,787
2016,Rishav,m,787
2016,Rishavjot,m,787
2016,Rivaah,m,787
2016,Rivers,m,787
2016,Rivva,m,787
2016,Riyad,m,787
2016,Riyan,m,787
2016,Riyansh,m,787
2016,Rj,m,787
2016,Roan,m,787
2016,Rockdan,m,787
2016,Rocky,m,787
2016,Rohan,m,787
2016,Rohin,m,787
2016,Romano,m,787
2016,Ronal,m,787
2016,Ronaldo,m,787
2016,Ronav,m,787
2016,Ronnie,m,787
2016,Ronny,m,787
2016,Roshil,m,787
2016,Ruairidh,m,787
2016,Rubael,m,787
2016,Rubben,m,787
2016,Rudi,m,787
2016,Rudolph,m,787
2016,Rudra,m,787
2016,Rufus,m,787
2016,Ruhaan,m,787
2016,Ruiming,m,787
2016,Runan,m,787
2016,Russian,m,787
2016,Rustin,m,787
2016,Rutansh,m,787
2016,Rwen,m,787
2016,Ry-le,m,787
2016,Ryaan,m,787
2016,Ryanvir,m,787
2016,Ryda,m,787
2016,Rydah,m,787
2016,Ryden,m,787
2016,Rye,m,787
2016,Saalim,m,787
2016,Sabaai,m,787
2016,Sabaat,m,787
2016,Sabal,m,787
2016,Sabastian,m,787
2016,Saber-angel,m,787
2016,Sabri,m,787
2016,Sacha,m,787
2016,Sacher,m,787
2016,Sachin,m,787
2016,Sadakathullah,m,787
2016,Saeed,m,787
2016,Safin,m,787
2016,Safwaan,m,787
2016,Sahaj,m,787
2016,Sahan,m,787
2016,Sahel,m,787
2016,Sahib,m,787
2016,Sahibjot,m,787
2016,Sai,m,787
2016,Saif,m,787
2016,Saifan,m,787
2016,Saihish,m,787
2016,Sajad,m,787
2016,Salahuddin,m,787
2016,Salem,m,787
2016,Salvatore,m,787
2016,Samai,m,787
2016,Samar,m,787
2016,Samarbir,m,787
2016,Samarpit,m,787
2016,Samarth,m,787
2016,Samrat,m,787
2016,Sanay,m,787
2016,Sandro,m,787
2016,Sang,m,787
2016,Sanoop,m,787
2016,Sante,m,787
2016,Sanul,m,787
2016,Sarandos,m,787
2016,Sarnin,m,787
2016,Sarveeshvardhan,m,787
2016,Sasa,m,787
2016,Sasha,m,787
2016,Sathya,m,787
2016,Satvik,m,787
2016,Saveen,m,787
2016,Savi,m,787
2016,Savion,m,787
2016,Savya,m,787
2016,Scenix,m,787
2016,Schuyler,m,787
2016,Seaburt,m,787
2016,Seamus,m,787
2016,Seb,m,787
2016,Sedeke,m,787
2016,Sehaj,m,787
2016,Sehbaz,m,787
2016,Selim,m,787
2016,Senna,m,787
2016,Senul,m,787
2016,Sergio,m,787
2016,Serhan,m,787
2016,Shaan,m,787
2016,Shaanveer,m,787
2016,Shabbir,m,787
2016,Shafiq,m,787
2016,Shaheer,m,787
2016,Shahram,m,787
2016,Shahyar,m,787
2016,Shalom,m,787
2016,Shamsul,m,787
2016,Shane,m,787
2016,Shannon,m,787
2016,Shaoen,m,787
2016,Sharvil,m,787
2016,Shaunak,m,787
2016,Shaurya,m,787
2016,Shawn,m,787
2016,Shazan,m,787
2016,Shea,m,787
2016,Sheilk,m,787
2016,Shem,m,787
2016,Shenhao,m,787
2016,Sheon,m,787
2016,Sheraz,m,787
2016,Shia,m,787
2016,Shiloh,m,787
2016,Shion,m,787
2016,Shiu,m,787
2016,Shiv,m,787
2016,Shivaditysinh,m,787
2016,Shivam,m,787
2016,Shivan,m,787
2016,Shiven,m,787
2016,Shivraj,m,787
2016,Shreeyash,m,787
2016,Shriyan,m,787
2016,Shyon,m,787
2016,Sibtain,m,787
2016,Siddharth,m,787
2016,Simba,m,787
2016,Simon,m,787
2016,Simrat,m,787
2016,Sina,m,787
2016,Sineth,m,787
2016,Siraj,m,787
2016,Siyun,m,787
2016,Skylar,m,787
2016,Skyler,m,787
2016,Slade,m,787
2016,Slater,m,787
2016,Snow,m,787
2016,Soenke,m,787
2016,Sokun,m,787
2016,Sol,m,787
2016,Sonic,m,787
2016,Soo,m,787
2016,Sorana,m,787
2016,Soren,m,787
2016,Sorrento,m,787
2016,Sotiris,m,787
2016,Soul,m,787
2016,Soumanya,m,787
2016,Sourena,m,787
2016,Sourish,m,787
2016,Sovannar,m,787
2016,Sparsh,m,787
2016,Spence,m,787
2016,Spike,m,787
2016,Spyridonas-andreas,m,787
2016,Sri,m,787
2016,Srihan,m,787
2016,Sriyan,m,787
2016,Stanton,m,787
2016,Step,m,787
2016,Stephen,m,787
2016,Steve,m,787
2016,Stirling,m,787
2016,Subeg,m,787
2016,Suhaib,m,787
2016,Sujal,m,787
2016,Sullavan,m,787
2016,Surkhab,m,787
2016,Suttinun,m,787
2016,Sven,m,787
2016,Syd,m,787
2016,Sylus,m,787
2016,Tadhg,m,787
2016,Taegh,m,787
2016,Taem,m,787
2016,Tahmid,m,787
2016,Taiapo,m,787
2016,Taiden,m,787
2016,Taim,m,787
2016,Taitoko,m,787
2016,Tajwar,m,787
2016,Takeda,m,787
2016,Takreem,m,787
2016,Takunda,m,787
2016,Talen,m,787
2016,Tallan,m,787
2016,Talyn,m,787
2016,Talys,m,787
2016,Tama-rua,m,787
2016,Tameem,m,787
2016,Tamihana,m,787
2016,Tamim,m,787
2016,Tamir,m,787
2016,Tangaroa,m,787
2016,Tanish,m,787
2016,Tanush,m,787
2016,Tanvir,m,787
2016,Tanys,m,787
2016,Tarak,m,787
2016,Tarang,m,787
2016,Taras,m,787
2016,Tariq,m,787
2016,Tarnae,m,787
2016,Tarun,m,787
2016,Tashvik,m,787
2016,Tashvin,m,787
2016,Tatum,m,787
2016,Tavae,m,787
2016,Tavita,m,787
2016,Tayo,m,787
2016,Tayt,m,787
2016,Taytt,m,787
2016,Teague,m,787
2016,Teddy,m,787
2016,Tegfateh,m,787
2016,Teghpartap,m,787
2016,Teghpreet,m,787
2016,Tejas,m,787
2016,Temweka,m,787
2016,Teng,m,787
2016,Tenzin,m,787
2016,Teo,m,787
2016,Terry,m,787
2016,Tevin,m,787
2016,Thanakrit,m,787
2016,Thanh,m,787
2016,Thanush,m,787
2016,Thawn,m,787
2016,Theera,m,787
2016,Theroon,m,787
2016,Theyas,m,787
2016,Tiam,m,787
2016,Tiarnan,m,787
2016,Tiberius,m,787
2016,Tido,m,787
2016,Tieki,m,787
2016,Tien-oscar,m,787
2016,Tilo,m,787
2016,Tim,m,787
2016,Tj,m,787
2016,Tjandamurra,m,787
2016,Tobie,m,787
2016,Tobin,m,787
2016,Tomas,m,787
2016,Tomi,m,787
2016,Tommi,m,787
2016,Torin,m,787
2016,Torry,m,787
2016,Touma,m,787
2016,Trace,m,787
2016,Trae,m,787
2016,Travie,m,787
2016,Trayl,m,787
2016,Trent,m,787
2016,Tri,m,787
2016,Trijal,m,787
2016,Tripp-leeigh,m,787
2016,Trokon,m,787
2016,Trong,m,787
2016,Tuan,m,787
2016,Tuck,m,787
2016,Tully,m,787
2016,Tung,m,787
2016,Turaki,m,787
2016,Tye,m,787
2016,Tylar,m,787
2016,Tyler-braidyn,m,787
2016,Tylor,m,787
2016,Tylr,m,787
2016,Tyreece,m,787
2016,Tyrese,m,787
2016,Udaibir,m,787
2016,Uday,m,787
2016,Udayvir,m,787
2016,Umar,m,787
2016,Unnamed,m,787
2016,Utsav,m,787
2016,Uzziah,m,787
2016,Valan,m,787
2016,Vance,m,787
2016,Vardaan,m,787
2016,Variam,m,787
2016,Vasco,m,787
2016,Vatsal,m,787
2016,Vaughn,m,787
2016,Vedant,m,787
2016,Veer,m,787
2016,Veeraj,m,787
2016,Viaan,m,787
2016,Vian,m,787
2016,Vicent,m,787
2016,Vihan,m,787
2016,Viktor,m,787
2016,Vincenzo,m,787
2016,Vinnie,m,787
2016,Viraj,m,787
2016,Virat,m,787
2016,Vishaka,m,787
2016,Vishva,m,787
2016,Vishwa,m,787
2016,Vittorio,m,787
2016,Viyaan,m,787
2016,Vladislav,m,787
2016,Vrishank,m,787
2016,Waahid,m,787
2016,Wael,m,787
2016,Wahidullah,m,787
2016,Waleed,m,787
2016,Wallace,m,787
2016,Walt,m,787
2016,Warabek,m,787
2016,Warren,m,787
2016,Wayde,m,787
2016,Wazir,m,787
2016,Wenhao,m,787
2016,Wilhelm,m,787
2016,William-kendryk,m,787
2016,Willian,m,787
2016,Wilyam,m,787
2016,Winter,m,787
2016,Wiremu,m,787
2016,Wissam,m,787
2016,Woody,m,787
2016,Wren,m,787
2016,Wu-hsu,m,787
2016,Xade,m,787
2016,Xaviar,m,787
2016,Xavier-jay,m,787
2016,Xavier-john,m,787
2016,Xinze,m,787
2016,Xzavier,m,787
2016,Yanish,m,787
2016,Yannikh,m,787
2016,Yashika,m,787
2016,Yasin,m,787
2016,Yasser,m,787
2016,Yatosha,m,787
2016,Yazan,m,787
2016,Yazn,m,787
2016,Yekahlo,m,787
2016,Yianni,m,787
2016,Yibo,m,787
2016,Yijia,m,787
2016,Yiorgos,m,787
2016,Yiran,m,787
2016,Yogan,m,787
2016,Yohannes,m,787
2016,Yonathan,m,787
2016,Yonis,m,787
2016,York,m,787
2016,Yoshansri,m,787
2016,Yousaf,m,787
2016,Youssef,m,787
2016,Youzarsif,m,787
2016,Yu,m,787
2016,Yug,m,787
2016,Yugjeet,m,787
2016,Yuhong,m,787
2016,Yukihisa,m,787
2016,Yuma,m,787
2016,Yun,m,787
2016,Yunbo,m,787
2016,Yunghaa,m,787
2016,Yuriy,m,787
2016,Yusha,m,787
2016,Yuvdhir,m,787
2016,Yuvshan,m,787
2016,Zachariah,m,787
2016,Zacharius,m,787
2016,Zachariyya,m,787
2016,Zaden,m,787
2016,Zaffa,m,787
2016,Zaher,m,787
2016,Zahian,m,787
2016,Zaide,m,787
2016,Zailan,m,787
2016,Zainal,m,787
2016,Zakariyah,m,787
2016,Zakary,m,787
2016,Zanyar,m,787
2016,Zarlo,m,787
2016,Zayd,m,787
2016,Zayve,m,787
2016,Zayvier,m,787
2016,Ze,m,787
2016,Zeb,m,787
2016,Zef,m,787
2016,Zefyr-dayne,m,787
2016,Zein,m,787
2016,Zen,m,787
2016,Zenghong,m,787
2016,Zenith,m,787
2016,Zenta,m,787
2016,Zeon,m,787
2016,Zephyr,m,787
2016,Zephyrus,m,787
2016,Zeplin,m,787
2016,Zeppelin,m,787
2016,Zeus,m,787
2016,Zexi,m,787
2016,Zhenhao,m,787
2016,Zhi,m,787
2016,Zhijia,m,787
2016,Zhixun,m,787
2016,Ziad,m,787
2016,Ziah,m,787
2016,Zihang,m,787
2016,Zirui,m,787
2016,Zixuan,m,787
2016,Ziyu,m,787
2016,Ziyun,m,787
2016,Zlatan,m,787
2016,Zohaib,m,787
2016,Zohain,m,787
2016,Zoltan,m,787
2016,Zonghan,m,787
2016,Zoraiz,m,787
2016,Zorawar,m,787
2016,Zuhair,m,787
2016,Zuriel,m,787
2016,Charlotte,f,1
2016,Olivia,f,2
2016,Ava,f,3
2016,Mia,f,4
2016,Amelia,f,5
2016,Evie,f,6
2016,Emily,f,7
2016,Isla,f,8
2016,Ruby,f,9
2016,Ella,f,10
2016,Sophie,f,10
2016,Chloe,f,12
2016,Harper,f,12
2016,Grace,f,14
2016,Lily,f,14
2016,Lucy,f,16
2016,Ivy,f,17
2016,Matilda,f,18
2016,Aria,f,19
2016,Isabella,f,19
2016,Evelyn,f,21
2016,Zoe,f,21
2016,Scarlett,f,23
2016,Sophia,f,24
2016,Hannah,f,25
2016,Sienna,f,25
2016,Eva,f,27
2016,Georgia,f,28
2016,Zara,f,28
2016,Maddison,f,30
2016,Emma,f,31
2016,Mila,f,31
2016,Audrey,f,33
2016,Isabelle,f,33
2016,Piper,f,33
2016,Willow,f,33
2016,Violet,f,37
2016,Savannah,f,38
2016,Layla,f,39
2016,Abigail,f,40
2016,Imogen,f,41
2016,Sarah,f,42
2016,Alice,f,43
2016,Mackenzie,f,43
2016,Ellie,f,45
2016,Addison,f,46
2016,Anna,f,46
2016,Harriet,f,48
2016,Madison,f,48
2016,Sofia,f,50
2016,Hazel,f,51
2016,Jasmine,f,51
2016,Paige,f,51
2016,Peyton,f,54
2016,Esther,f,55
2016,Lara,f,55
2016,Poppy,f,55
2016,Alexis,f,58
2016,Ayla,f,58
2016,Phoebe,f,58
2016,Eliza,f,61
2016,Stella,f,61
2016,Chelsea,f,63
2016,Eleanor,f,64
2016,Lilly,f,64
2016,Alyssa,f,66
2016,Eloise,f,66
2016,Emilia,f,66
2016,Frankie,f,66
2016,Holly,f,66
2016,Quinn,f,66
2016,Summer,f,66
2016,Daisy,f,73
2016,Elsie,f,73
2016,Indiana,f,73
2016,Jessica,f,73
2016,Lola,f,73
2016,Olive,f,73
2016,Annabelle,f,79
2016,Claire,f,79
2016,Isabel,f,79
2016,Maya,f,79
2016,Penelope,f,79
2016,Victoria,f,79
2016,Clara,f,85
2016,Ebony,f,85
2016,Elise,f,85
2016,Florence,f,85
2016,Hayley,f,85
2016,Madeline,f,85
2016,Arabella,f,91
2016,Bella,f,91
2016,Gracie,f,91
2016,Maggie,f,91
2016,Nevaeh,f,91
2016,Adeline,f,96
2016,Amber,f,96
2016,Ariana,f,96
2016,Kaylee,f,96
2016,Lacey,f,96
2016,Lyla,f,96
2016,Sadie,f,96
2016,Skye,f,96
2016,Thea,f,96
2016,Madeleine,f,105
2016,Maria,f,105
2016,Aaliyah,f,107
2016,Anastasia,f,107
2016,Aubrey,f,107
2016,Brooklyn,f,107
2016,Harlow,f,107
2016,Marley,f,107
2016,Pippa,f,107
2016,Rose,f,107
2016,Alexia,f,115
2016,Charli,f,115
2016,Elena,f,115
2016,Elizabeth,f,115
2016,Eve,f,115
2016,Lilah,f,115
2016,Molly,f,115
2016,Natalie,f,115
2016,Sara,f,115
2016,Abby,f,124
2016,Adele,f,124
2016,Amelie,f,124
2016,Freya,f,124
2016,Lila,f,124
2016,Valentina,f,124
2016,Alana,f,130
2016,Annabel,f,130
2016,Asha,f,130
2016,Aurora,f,130
2016,Bailey,f,130
2016,Billie,f,130
2016,Halle,f,130
2016,Heidi,f,130
2016,Indi,f,130
2016,Indie,f,130
2016,Isobel,f,130
2016,Jade,f,130
2016,Kayla,f,130
2016,Leah,f,130
2016,Leila,f,130
2016,Mabel,f,130
2016,Maisie,f,130
2016,Millie,f,130
2016,Zahra,f,130
2016,Zoey,f,130
2016,Amara,f,150
2016,Aubree,f,150
2016,Avery,f,150
2016,Bethany,f,150
2016,Dakota,f,150
2016,Eden,f,150
2016,Indigo,f,150
2016,Kenzie,f,150
2016,Kiara,f,150
2016,Lydia,f,150
2016,Macey,f,150
2016,Riley,f,150
2016,Winter,f,150
2016,Ada,f,163
2016,Aisha,f,163
2016,Alexa,f,163
2016,Alicia,f,163
2016,Annie,f,163
2016,Charlie,f,163
2016,Indianna,f,163
2016,Kate,f,163
2016,Lana,f,163
2016,Marlee,f,163
2016,Samantha,f,163
2016,Adelaide,f,174
2016,Adelyn,f,174
2016,Amaya,f,174
2016,Angelina,f,174
2016,Bonnie,f,174
2016,Edith,f,174
2016,Elle,f,174
2016,Emilie,f,174
2016,Erin,f,174
2016,Estelle,f,174
2016,Everly,f,174
2016,Gabrielle,f,174
2016,Gloria,f,174
2016,Jennifer,f,174
2016,Kaitlyn,f,174
2016,Lauren,f,174
2016,Lexie,f,174
2016,Lillian,f,174
2016,Madelyn,f,174
2016,Mahalia,f,174
2016,Milla,f,174
2016,Mya,f,174
2016,Nicole,f,174
2016,Rosie,f,174
2016,Tahlia,f,174
2016,Talia,f,174
2016,Tessa,f,174
2016,Tia,f,174
2016,Airlie,f,202
2016,Alexandra,f,202
2016,Allegra,f,202
2016,Anika,f,202
2016,Annika,f,202
2016,April,f,202
2016,Bridget,f,202
2016,Celeste,f,202
2016,Christina,f,202
2016,Delilah,f,202
2016,Edie,f,202
2016,Eliana,f,202
2016,Georgie,f,202
2016,Julia,f,202
2016,Katie,f,202
2016,Keira,f,202
2016,Makayla,f,202
2016,Nina,f,202
2016,Rebecca,f,202
2016,Rylee,f,202
2016,Sasha,f,202
2016,Scarlet,f,202
2016,Skylah,f,202
2016,Taylor,f,202
2016,Tilly,f,202
2016,Tully,f,202
2016,Willa,f,202
2016,Winnie,f,202
2016,Adriana,f,230
2016,Alannah,f,230
2016,Aleena,f,230
2016,Alina,f,230
2016,Ariel,f,230
2016,Ciara,f,230
2016,Daniella,f,230
2016,Diana,f,230
2016,Elaina,f,230
2016,Elodie,f,230
2016,Emerson,f,230
2016,Evangeline,f,230
2016,Faith,f,230
2016,Felicity,f,230
2016,Francesca,f,230
2016,Gabriella,f,230
2016,Hadley,f,230
2016,Helena,f,230
2016,Iris,f,230
2016,Joanna,f,230
2016,Jordan,f,230
2016,Jordyn,f,230
2016,Khloe,f,230
2016,Laura,f,230
2016,Leni,f,230
2016,Lexi,f,230
2016,Liliana,f,230
2016,Lottie,f,230
2016,Lucinda,f,230
2016,Macy,f,230
2016,Melody,f,230
2016,Mikayla,f,230
2016,Mira,f,230
2016,Natalia,f,230
2016,Niamh,f,230
2016,Norah,f,230
2016,Pearl,f,230
2016,Rachel,f,230
2016,Sage,f,230
2016,Sia,f,230
2016,Tara,f,230
2016,Tiana,f,230
2016,Yasmin,f,230
2016,Adaline,f,273
2016,Adalyn,f,273
2016,Alessia,f,273
2016,Aliya,f,273
2016,Amy,f,273
2016,Angela,f,273
2016,Arielle,f,273
2016,Ariya,f,273
2016,Ashleigh,f,273
2016,Athena,f,273
2016,Autumn,f,273
2016,Ayva,f,273
2016,Blake,f,273
2016,Brianna,f,273
2016,Bridie,f,273
2016,Brooke,f,273
2016,Catherine,f,273
2016,Chantelle,f,273
2016,Cora,f,273
2016,Daphne,f,273
2016,Darcy,f,273
2016,Dorothy,f,273
2016,Elina,f,273
2016,Ellen,f,273
2016,Elliot,f,273
2016,Gemma,f,273
2016,Hope,f,273
2016,Kara,f,273
2016,Kiana,f,273
2016,Kira,f,273
2016,Kylah,f,273
2016,Liana,f,273
2016,Lulu,f,273
2016,Maci,f,273
2016,Mae,f,273
2016,Margot,f,273
2016,Myra,f,273
2016,Navya,f,273
2016,Nora,f,273
2016,Orla,f,273
2016,Paris,f,273
2016,Riya,f,273
2016,Sana,f,273
2016,Serena,f,273
2016,Siena,f,273
2016,Sierra,f,273
2016,Skyla,f,273
2016,Tayla,f,273
2016,Tiffany,f,273
2016,Vivienne,f,273
2016,Xanthe,f,273
2016,Abbey,f,324
2016,Amaia,f,324
2016,Angelique,f,324
2016,Annalise,f,324
2016,Ashley,f,324
2016,Bailee,f,324
2016,Bianca,f,324
2016,Blair,f,324
2016,Caitlin,f,324
2016,Cali,f,324
2016,Carla,f,324
2016,Charlee,f,324
2016,Clementine,f,324
2016,Darcie,f,324
2016,Elke,f,324
2016,Elora,f,324
2016,Fatima,f,324
2016,Fleur,f,324
2016,Frances,f,324
2016,Giselle,f,324
2016,Harley,f,324
2016,Harmony,f,324
2016,Havana,f,324
2016,Indy,f,324
2016,Jacinta,f,324
2016,Jacqueline,f,324
2016,Kaia,f,324
2016,Katherine,f,324
2016,Lani,f,324
2016,Larissa,f,324
2016,Leona,f,324
2016,Lillie,f,324
2016,Lisa,f,324
2016,Luna,f,324
2016,Macie,f,324
2016,Maddie,f,324
2016,Maeve,f,324
2016,Maia,f,324
2016,Malia,f,324
2016,Mikaela,f,324
2016,Milania,f,324
2016,Milly,f,324
2016,Miranda,f,324
2016,Monique,f,324
2016,Montana,f,324
2016,Murphy,f,324
2016,Neve,f,324
2016,Payton,f,324
2016,Philippa,f,324
2016,Sanvi,f,324
2016,Savanna,f,324
2016,Seren,f,324
2016,Serenity,f,324
2016,Shayla,f,324
2016,Sloane,f,324
2016,Stephanie,f,324
2016,Veronica,f,324
2016,Wynter,f,324
2016,Zainab,f,324
2016,Abbie,f,383
2016,Acacia,f,383
2016,Addilyn,f,383
2016,Aizah,f,383
2016,Alanna,f,383
2016,Alayna,f,383
2016,Alisa,f,383
2016,Alisha,f,383
2016,Alison,f,383
2016,Alivia,f,383
2016,Amalia,f,383
2016,Amirah,f,383
2016,Amity,f,383
2016,Amreen,f,383
2016,Anam,f,383
2016,Anaya,f,383
2016,Andie,f,383
2016,Angel,f,383
2016,Annabella,f,383
2016,Annelise,f,383
2016,Ariah,f,383
2016,Arya,f,383
2016,Asher,f,383
2016,Ashlyn,f,383
2016,Astrid,f,383
2016,Aurelia,f,383
2016,Avleen,f,383
2016,Aylah,f,383
2016,Aysha,f,383
2016,Beatrix,f,383
2016,Bree,f,383
2016,Bronte,f,383
2016,Caitlyn,f,383
2016,Camilla,f,383
2016,Camille,f,383
2016,Cecilia,f,383
2016,Charlize,f,383
2016,Chiara,f,383
2016,Clare,f,383
2016,Claudia,f,383
2016,Dallas,f,383
2016,Dana,f,383
2016,Darcey,f,383
2016,Eknoor,f,383
2016,Elisa,f,383
2016,Elka,f,383
2016,Elliana,f,383
2016,Elouise,f,383
2016,Elyse,f,383
2016,Emelia,f,383
2016,Esme,f,383
2016,Flora,f,383
2016,Georgina,f,383
2016,Gia,f,383
2016,Gina,f,383
2016,Hailey,f,383
2016,Hana,f,383
2016,Hanna,f,383
2016,Harriett,f,383
2016,Harriette,f,383
2016,Hattie,f,383
2016,Haylee,f,383
2016,Henley,f,383
2016,Ivana,f,383
2016,Ivie,f,383
2016,Iylah,f,383
2016,Jayda,f,383
2016,Jessie,f,383
2016,Josephine,f,383
2016,Judith,f,383
2016,Katelyn,f,383
2016,Kayleigh,f,383
2016,Keeley,f,383
2016,Kelly,f,383
2016,Kelsey,f,383
2016,Koa,f,383
2016,Krisha,f,383
2016,Laylah,f,383
2016,Lianna,f,383
2016,Lilliana,f,383
2016,Lillith,f,383
2016,Lily-rose,f,383
2016,Liv,f,383
2016,London,f,383
2016,Lotti,f,383
2016,Louise,f,383
2016,Lylah,f,383
2016,Makenna,f,383
2016,Makenzie,f,383
2016,Maple,f,383
2016,Mara,f,383
2016,Mariah,f,383
2016,Marlie,f,383
2016,Mayla,f,383
2016,Mckenzie,f,383
2016,Meg,f,383
2016,Meika,f,383
2016,Melanie,f,383
2016,Michaela,f,383
2016,Michelle,f,383
2016,Mika,f,383
2016,Milah,f,383
2016,Mina,f,383
2016,Monica,f,383
2016,Morgan,f,383
2016,Myah,f,383
2016,Nancy,f,383
2016,Natalija,f,383
2016,Nellie,f,383
2016,Octavia,f,383
2016,Penny,f,383
2016,Phoenix,f,383
2016,Pia,f,383
2016,Prisha,f,383
2016,Rebekah,f,383
2016,River,f,383
2016,Ruth,f,383
2016,Saba,f,383
2016,Sabine,f,383
2016,Sahar,f,383
2016,Samara,f,383
2016,Sapphire,f,383
2016,Selina,f,383
2016,Shae,f,383
2016,Shreya,f,383
2016,Stevie,f,383
2016,Sukhmani,f,383
2016,Susanna,f,383
2016,Sylvia,f,383
2016,Trinity,f,383
2016,Vivien,f,383
2016,Zahara,f,383
2016,Zahli,f,383
2016,Zali,f,383
2016,Zarah,f,383
2016,Aahana,f,518
2016,Aairah,f,518
2016,Aanya,f,518
2016,Aaradhya,f,518
2016,Aarna,f,518
2016,Aazeen,f,518
2016,Abiha,f,518
2016,Abuk,f,518
2016,Adalia,f,518
2016,Adalind,f,518
2016,Adia,f,518
2016,Adilyn,f,518
2016,Aditi,f,518
2016,Aida,f,518
2016,Ailish,f,518
2016,Aiza,f,518
2016,Aker,f,518
2016,Akira,f,518
2016,Aleah,f,518
2016,Aleaha,f,518
2016,Aleeah,f,518
2016,Alesha,f,518
2016,Alessa,f,518
2016,Alessandra,f,518
2016,Alexandria,f,518
2016,Aleyah,f,518
2016,Ali,f,518
2016,Aliana,f,518
2016,Alirah,f,518
2016,Alissa,f,518
2016,Aliyah,f,518
2016,Allira,f,518
2016,Aluel,f,518
2016,Alyssia,f,518
2016,Amahli,f,518
2016,Amaira,f,518
2016,Amali,f,518
2016,Amaliah,f,518
2016,Amani,f,518
2016,Amira,f,518
2016,Angelica,f,518
2016,Anisa,f,518
2016,Anja,f,518
2016,Anya,f,518
2016,Apajok,f,518
2016,Arek,f,518
2016,Arianna,f,518
2016,Ariyah,f,518
2016,Arlo,f,518
2016,Arshnoor,f,518
2016,Ashlee,f,518
2016,Asiya,f,518
2016,Avah,f,518
2016,Avantika,f,518
2016,Avary,f,518
2016,Avnoor,f,518
2016,Avreet,f,518
2016,Ayesha,f,518
2016,Ayra,f,518
2016,Azalea,f,518
2016,Azalia,f,518
2016,Azariah,f,518
2016,Batool,f,518
2016,Belinda,f,518
2016,Bettina,f,518
2016,Bodhi,f,518
2016,Brooklynn,f,518
2016,Brylee,f,518
2016,Caila,f,518
2016,Callie,f,518
2016,Candice,f,518
2016,Caroline,f,518
2016,Casey,f,518
2016,Cassandra,f,518
2016,Cassie,f,518
2016,Cedar,f,518
2016,Celina,f,518
2016,Celine,f,518
2016,Charlette,f,518
2016,Chelsie,f,518
2016,Christine,f,518
2016,Cianna,f,518
2016,Cleo,f,518
2016,Clover,f,518
2016,Coco,f,518
2016,Connie,f,518
2016,Cordelia,f,518
2016,Dalia,f,518
2016,Danika,f,518
2016,Darci,f,518
2016,Deborah,f,518
2016,Della,f,518
2016,Demi,f,518
2016,Denver,f,518
2016,Destiny,f,518
2016,Dhanvi,f,518
2016,Dora,f,518
2016,Dorcas,f,518
2016,Easton,f,518
2016,Edwina,f,518
2016,Eileen,f,518
2016,Elia,f,518
2016,Elisabeth,f,518
2016,Elissa,f,518
2016,Ellia,f,518
2016,Ellis,f,518
2016,Ellyse,f,518
2016,Ember,f,518
2016,Emerald,f,518
2016,Emersyn,f,518
2016,Emmy,f,518
2016,Enid,f,518
2016,Erika,f,518
2016,Eshaal,f,518
2016,Esmae,f,518
2016,Essie,f,518
2016,Etta,f,518
2016,Evelina,f,518
2016,Everley,f,518
2016,Finley,f,518
2016,Fiona,f,518
2016,Genevieve,f,518
2016,Giada,f,518
2016,Gianna,f,518
2016,Gurleen,f,518
2016,Hadassah,f,518
2016,Haley,f,518
2016,Hallie,f,518
2016,Haniya,f,518
2016,Harleen,f,518
2016,Harnoor,f,518
2016,Hayden,f,518
2016,Heather,f,518
2016,Heaven,f,518
2016,Hollie,f,518
2016,Hoorain,f,518
2016,Isa,f,518
2016,Ishani,f,518
2016,Islah,f,518
2016,Ivory,f,518
2016,Izabella,f,518
2016,Jada,f,518
2016,Jaime,f,518
2016,Japji,f,518
2016,Jasleen,f,518
2016,Jasmin,f,518
2016,Jazmyn,f,518
2016,Jeel,f,518
2016,Jemima,f,518
2016,Jemma,f,518
2016,Jenna,f,518
2016,Jenny,f,518
2016,Jiya,f,518
2016,Joanne,f,518
2016,Jocelyn,f,518
2016,Johanna,f,518
2016,Jorja,f,518
2016,Josie,f,518
2016,Joy,f,518
2016,June,f,518
2016,Juniper,f,518
2016,Juno,f,518
2016,Kailey,f,518
2016,Karla,f,518
2016,Katalina,f,518
2016,Kavya,f,518
2016,Kaydence,f,518
2016,Keely,f,518
2016,Kelsie,f,518
2016,Kendall,f,518
2016,Kennedy,f,518
2016,Kensi,f,518
2016,Kiarna,f,518
2016,Kimberly,f,518
2016,Kirra,f,518
2016,Kobie,f,518
2016,Kristina,f,518
2016,Kyra,f,518
2016,Kyrah,f,518
2016,Laci,f,518
2016,Laila,f,518
2016,Lainey,f,518
2016,Lakita,f,518
2016,Lilith,f,518
2016,Lilla,f,518
2016,Liyana,f,518
2016,Lois,f,518
2016,Louisa,f,518
2016,Luca,f,518
2016,Lucia,f,518
2016,Luella,f,518
2016,Lyra,f,518
2016,Lyric,f,518
2016,Mahira,f,518
2016,Mahli,f,518
2016,Maja,f,518
2016,Mali,f,518
2016,Manjari,f,518
2016,Mannat,f,518
2016,Margaret,f,518
2016,Margaux,f,518
2016,Mariam,f,518
2016,Marina,f,518
2016,Marissa,f,518
2016,Marleigh,f,518
2016,Marni,f,518
2016,Marwa,f,518
2016,Maryam,f,518
2016,May,f,518
2016,Meera,f,518
2016,Meher,f,518
2016,Meike,f,518
2016,Meilani,f,518
2016,Melika,f,518
2016,Melina,f,518
2016,Melissa,f,518
2016,Miami,f,518
2016,Miya,f,518
2016,Monika,f,518
2016,Mylah,f,518
2016,Myrah,f,518
2016,Naba,f,518
2016,Nadia,f,518
2016,Nadya,f,518
2016,Naomi,f,518
2016,Natia,f,518
2016,Naysa,f,518
2016,Neave,f,518
2016,Neha,f,518
2016,Neysa,f,518
2016,Nhi,f,518
2016,Nicolette,f,518
2016,Nimrit,f,518
2016,Nirva,f,518
2016,Noa,f,518
2016,Nova,f,518
2016,Nyah,f,518
2016,Nyibol,f,518
2016,Ocea,f,518
2016,Olanna,f,518
2016,Oona,f,518
2016,Ophelia,f,518
2016,Paisley,f,518
2016,Paloma,f,518
2016,Parneet,f,518
2016,Patricia,f,518
2016,Petra,f,518
2016,Polly,f,518
2016,Porsha,f,518
2016,Portia,f,518
2016,Rahni,f,518
2016,Rania,f,518
2016,Raseel,f,518
2016,Reet,f,518
2016,Regina,f,518
2016,Remi,f,518
2016,Roisin,f,518
2016,Rosalie,f,518
2016,Rosemary,f,518
2016,Ryleigh,f,518
2016,Saanjh,f,518
2016,Saanvi,f,518
2016,Sabrina,f,518
2016,Sai,f,518
2016,Samreen,f,518
2016,Sanaya,f,518
2016,Saoirse,f,518
2016,Sascha,f,518
2016,Saskia,f,518
2016,Savana,f,518
2016,Seerat,f,518
2016,Sehaj,f,518
2016,Senuki,f,518
2016,Serah,f,518
2016,Shakira,f,518
2016,Shanaya,f,518
2016,Shannon,f,518
2016,Shaylee,f,518
2016,Shyla,f,518
2016,Sianna,f,518
2016,Simar,f,518
2016,Skylar,f,518
2016,Soliana,f,518
2016,Spencer,f,518
2016,Swara,f,518
2016,Tabitha,f,518
2016,Tallulah,f,518
2016,Tanvi,f,518
2016,Tatiana,f,518
2016,Tavia,f,518
2016,Tehya,f,518
2016,Tehzeeb,f,518
2016,Temperance,f,518
2016,Tess,f,518
2016,Theodora,f,518
2016,Tiara,f,518
2016,Tina,f,518
2016,Tinashe,f,518
2016,Tonii,f,518
2016,Torah,f,518
2016,Tracy,f,518
2016,Twin,f,518
2016,Tyler,f,518
2016,Vada,f,518
2016,Valerie,f,518
2016,Vanessa,f,518
2016,Vera,f,518
2016,Violetta,f,518
2016,Vivian,f,518
2016,Winifred,f,518
2016,Wren,f,518
2016,Xi,f,518
2016,Yana,f,518
2016,Zahlia,f,518
2016,Zaira,f,518
2016,Zalia,f,518
2016,Zaria,f,518
2016,Zarli,f,518
2016,Zaynab,f,518
2016,Zelda,f,518
2016,Zoya,f,518
2016,Aabira,f,839
2016,Aadhira,f,839
2016,Aadhya,f,839
2016,Aaila,f,839
2016,Aaima,f,839
2016,Aaleia,f,839
2016,Aaleyah,f,839
2016,Aalia,f,839
2016,Aalilah,f,839
2016,Aamaraiis,f,839
2016,Aania,f,839
2016,Aaniya,f,839
2016,Aanvi,f,839
2016,Aaram,f,839
2016,Aarika,f,839
2016,Aarmani,f,839
2016,Aarohi,f,839
2016,Aarvi,f,839
2016,Aarya,f,839
2016,Aashvi,f,839
2016,Aastha,f,839
2016,Aayla,f,839
2016,Aayra,f,839
2016,Abbi,f,839
2016,Abbigail,f,839
2016,Abbigale,f,839
2016,Abi,f,839
2016,Abigaile,f,839
2016,Abiol,f,839
2016,Ablavi,f,839
2016,Abuol,f,839
2016,Aceng,f,839
2016,Achai,f,839
2016,Achol,f,839
2016,Aciech,f,839
2016,Acsah,f,839
2016,Addalyn,f,839
2016,Addie,f,839
2016,Adela,f,839
2016,Adelina,f,839
2016,Adelise,f,839
2016,Adellerie,f,839
2016,Adelynn,f,839
2016,Adheya,f,839
2016,Adna,f,839
2016,Adrianah,f,839
2016,Adrianna,f,839
2016,Adriene,f,839
2016,Adual,f,839
2016,Adzkiya,f,839
2016,Aelayah,f,839
2016,Af-nebyat,f,839
2016,Affinity,f,839
2016,Afiya,f,839
2016,Agathe,f,839
2016,Agnes,f,839
2016,Agoot,f,839
2016,Aguer,f,839
2016,Ahaana,f,839
2016,Ahalia,f,839
2016,Ahok,f,839
2016,Ahuaiti,f,839
2016,Aiarin,f,839
2016,Aibhlinn,f,839
2016,Aika,f,839
2016,Ailey,f,839
2016,Aima,f,839
2016,Aimee,f,839
2016,Aindrila,f,839
2016,Ainslee,f,839
2016,Ainsleigh,f,839
2016,Ainsley,f,839
2016,Airu,f,839
2016,Aishah,f,839
2016,Aishleen,f,839
2016,Aishvir,f,839
2016,Aisyln,f,839
2016,Aisyn,f,839
2016,Aiva,f,839
2016,Aivah,f,839
2016,Aivleen,f,839
2016,Aizleigh,f,839
2016,Ajooni,f,839
2016,Aksana,f,839
2016,Akshdeep,f,839
2016,Akshya,f,839
2016,Akuol,f,839
2016,Akur,f,839
2016,Akus,f,839
2016,Alaa,f,839
2016,Alaina,f,839
2016,Alanah,f,839
2016,Alani,f,839
2016,Alanya,f,839
2016,Alara,f,839
2016,Alaska,f,839
2016,Alaskah,f,839
2016,Alathea,f,839
2016,Alaya,f,839
2016,Alba,f,839
2016,Alecia,f,839
2016,Alectra,f,839
2016,Aleesha,f,839
2016,Alegra,f,839
2016,Aleia-jane,f,839
2016,Aleira,f,839
2016,Alekhsia,f,839
2016,Alesia,f,839
2016,Alex,f,839
2016,Alexie,f,839
2016,Alexsis,f,839
2016,Aleya,f,839
2016,Alia,f,839
2016,Aliarnnah,f,839
2016,Alija,f,839
2016,Alise,f,839
2016,Alishba,f,839
2016,Aliyah-louise,f,839
2016,Aliza,f,839
2016,Allanah,f,839
2016,Allexx,f,839
2016,Allison,f,839
2016,Alliyah,f,839
2016,Ally,f,839
2016,Alona,f,839
2016,Alonyo,f,839
2016,Alora,f,839
2016,Alphonsine,f,839
2016,Alsham,f,839
2016,Althea,f,839
2016,Aluong,f,839
2016,Alyana,f,839
2016,Alyce,f,839
2016,Alysa,f,839
2016,Alyvia,f,839
2016,Alyx,f,839
2016,Alyza-lee,f,839
2016,Amaanat,f,839
2016,Amabelle,f,839
2016,Amahlia,f,839
2016,Amal,f,839
2016,Amanda,f,839
2016,Amarella,f,839
2016,Amari,f,839
2016,Amaris,f,839
2016,Amarlie,f,839
2016,Amatul,f,839
2016,Amayah,f,839
2016,Amayra,f,839
2016,Ambel,f,839
2016,Amberley,f,839
2016,Ameera,f,839
2016,Amelia-rose,f,839
2016,Ameliah,f,839
2016,Ameliah-rose,f,839
2016,Ameliia,f,839
2016,Amen,f,839
2016,Amethyst,f,839
2016,Ameyaa,f,839
2016,Amia,f,839
2016,Amilee,f,839
2016,Amilia,f,839
2016,Amina,f,839
2016,Aminata,f,839
2016,Amitiel,f,839
2016,Amitris,f,839
2016,Amiyah-mae,f,839
2016,Amorissa,f,839
2016,Amrin,f,839
2016,Amrit,f,839
2016,Amuor,f,839
2016,Amyra,f,839
2016,Amyrah,f,839
2016,An-nhi,f,839
2016,Anaayah,f,839
2016,Anabelle,f,839
2016,Anahi,f,839
2016,Anaira,f,839
2016,Ananya,f,839
2016,Anari,f,839
2016,Anastazya,f,839
2016,Anayah,f,839
2016,Andialyse,f,839
2016,Andra,f,839
2016,Andrea,f,839
2016,Andriana,f,839
2016,Aneika,f,839
2016,Anella,f,839
2016,Angelika,f,839
2016,Angeline,f,839
2016,Angely,f,839
2016,Ania,f,839
2016,Anjali,f,839
2016,Anjalina,f,839
2016,Ann,f,839
2016,Anna-jane,f,839
2016,Anna-lyne,f,839
2016,Annabelle-joy,f,839
2016,Annabeth,f,839
2016,Annaleece,f,839
2016,Annalies,f,839
2016,Annashreya,f,839
2016,Annastacia,f,839
2016,Annatalia,f,839
2016,Anneliese,f,839
2016,Anni,f,839
2016,Annica,f,839
2016,Anniekah,f,839
2016,Annunziata,f,839
2016,Anny,f,839
2016,Anouk,f,839
2016,Anran,f,839
2016,Antonia,f,839
2016,Anusha,f,839
2016,Anushka,f,839
2016,Anvi,f,839
2016,Anyiel,f,839
2016,Aparajita,f,839
2016,Aparna,f,839
2016,Aphiah,f,839
2016,Apryl,f,839
2016,Ara,f,839
2016,Arabelle,f,839
2016,Araiana,f,839
2016,Araya,f,839
2016,Arcadia,f,839
2016,Ardea,f,839
2016,Areeba,f,839
2016,Areebah,f,839
2016,Areej,f,839
2016,Areen,f,839
2016,Argiro,f,839
2016,Arhliya,f,839
2016,Ari,f,839
2016,Aria-lee,f,839
2016,Aria-lisabeth,f,839
2016,Arianah,f,839
2016,Ariane,f,839
2016,Arib,f,839
2016,Aribah,f,839
2016,Arie,f,839
2016,Ariela,f,839
2016,Ariella,f,839
2016,Arija,f,839
2016,Arin,f,839
2016,Arisha,f,839
2016,Aritri,f,839
2016,Arla,f,839
2016,Arla-mae,f,839
2016,Arlan,f,839
2016,Arlei,f,839
2016,Arlia,f,839
2016,Arliah,f,839
2016,Arlyn,f,839
2016,Armani,f,839
2016,Arna,f,839
2016,Arnaaz,f,839
2016,Arnmarley,f,839
2016,Aroosha,f,839
2016,Arora,f,839
2016,Arrika,f,839
2016,Arrow,f,839
2016,Arshah,f,839
2016,Arsheya,f,839
2016,Artemis,f,839
2016,Arveer,f,839
2016,Arwen,f,839
2016,Aryahi,f,839
2016,Aryana,f,839
2016,Aryannah,f,839
2016,Arzoi,f,839
2016,Ascha,f,839
2016,Aseda,f,839
2016,Asfa,f,839
2016,Ashima,f,839
2016,Ashlynn,f,839
2016,Ashlynne,f,839
2016,Ashreet,f,839
2016,Asifa,f,839
2016,Asiyah,f,839
2016,Asli,f,839
2016,Asma,f,839
2016,Asmaa,f,839
2016,Asna,f,839
2016,Aspen,f,839
2016,Asta,f,839
2016,Aster,f,839
2016,Astra,f,839
2016,Atarah,f,839
2016,Athieng,f,839
2016,Atoch,f,839
2016,Atong,f,839
2016,Aubree-mae,f,839
2016,Auburn,f,839
2016,Audrina,f,839
2016,Augusta,f,839
2016,Aulbrey,f,839
2016,Aurela,f,839
2016,Aurora-rose,f,839
2016,Ausra,f,839
2016,Ava-rose,f,839
2016,Avaiya,f,839
2016,Avannah,f,839
2016,Averie,f,839
2016,Averly,f,839
2016,Avi,f,839
2016,Aviana,f,839
2016,Avie,f,839
2016,Avnee,f,839
2016,Avneet,f,839
2016,Avoca,f,839
2016,Avril,f,839
2016,Avyana,f,839
2016,Awani,f,839
2016,Awiel,f,839
2016,Awuok,f,839
2016,Axelle,f,839
2016,Aya,f,839
2016,Ayana,f,839
2016,Ayashia,f,839
2016,Ayat,f,839
2016,Aydan,f,839
2016,Ayeesha,f,839
2016,Ayeisha,f,839
2016,Ayen,f,839
2016,Aylin,f,839
2016,Azaliah,f,839
2016,Azaliyah,f,839
2016,Azaria-grace,f,839
2016,B'elanna,f,839
2016,Baani,f,839
2016,Baby,f,839
2016,Baileigh,f,839
2016,Balreet,f,839
2016,Bani,f,839
2016,Bansari,f,839
2016,Banveet,f,839
2016,Barira,f,839
2016,Batul,f,839
2016,Bayan,f,839
2016,Baylee,f,839
2016,Beatrice,f,839
2016,Beatriz,f,839
2016,Beau,f,839
2016,Bekki,f,839
2016,Bella-le,f,839
2016,Bella-sofia,f,839
2016,Bellarani,f,839
2016,Belle,f,839
2016,Benita,f,839
2016,Bernadette,f,839
2016,Bernice,f,839
2016,Bess,f,839
2016,Bessie,f,839
2016,Betty,f,839
2016,Bhavya,f,839
2016,Bihaani,f,839
2016,Bilen,f,839
2016,Billie-jade,f,839
2016,Bindarray,f,839
2016,Blaire,f,839
2016,Blessing,f,839
2016,Bobbi,f,839
2016,Bobbie,f,839
2016,Bonni,f,839
2016,Bor,f,839
2016,Bowie,f,839
2016,Boxuan,f,839
2016,Briar,f,839
2016,Bridgett,f,839
2016,Brigitte,f,839
2016,Britney,f,839
2016,Brodie,f,839
2016,Brookelyn,f,839
2016,Brooklynne,f,839
2016,Brynn,f,839
2016,Bylasan,f,839
2016,Cadence,f,839
2016,Calais,f,839
2016,Calista,f,839
2016,Cally,f,839
2016,Camellia,f,839
2016,Cameron,f,839
2016,Camryn,f,839
2016,Capri,f,839
2016,Carissa,f,839
2016,Carly,f,839
2016,Carmela,f,839
2016,Carmelina,f,839
2016,Carmen,f,839
2016,Carter,f,839
2016,Cartia,f,839
2016,Cassey,f,839
2016,Cassidy,f,839
2016,Catalaya,f,839
2016,Cataleia,f,839
2016,Cataleya,f,839
2016,Catalia,f,839
2016,Catalina,f,839
2016,Cathy,f,839
2016,Catia,f,839
2016,Cayla,f,839
2016,Cecelia-rose,f,839
2016,Ceejay,f,839
2016,Celestine,f,839
2016,Celia,f,839
2016,Celina-suzanne,f,839
2016,Ceylon,f,839
2016,Ceyloni,f,839
2016,Chaitri,f,839
2016,Chanel,f,839
2016,Chanelle,f,839
2016,Chante,f,839
2016,Charlee-rose,f,839
2016,Charley,f,839
2016,Charlie-rose,f,839
2016,Charlotte-anne,f,839
2016,Charmaine,f,839
2016,Chenay,f,839
2016,Chenuli,f,839
2016,Cheresse,f,839
2016,Cherevey,f,839
2016,Cherry,f,839
2016,Chesta,f,839
2016,Chevy,f,839
2016,Cheyenne,f,839
2016,Chibuzo,f,839
2016,Chilli,f,839
2016,Chimamanda,f,839
2016,Chisimnulia,f,839
2016,Chloie,f,839
2016,Chlo,f,839
2016,Chole,f,839
2016,Christel,f,839
2016,Christiana,f,839
2016,Christy,f,839
2016,Cienna,f,839
2016,Ciin,f,839
2016,Cindy,f,839
2016,Ciunas,f,839
2016,Claira,f,839
2016,Clarissa,f,839
2016,Clarke,f,839
2016,Cleopatra,f,839
2016,Cleyo,f,839
2016,Clio,f,839
2016,Cloria,f,839
2016,Cloris,f,839
2016,Clova,f,839
2016,Cobie,f,839
2016,Codee,f,839
2016,Colette,f,839
2016,Colleen,f,839
2016,Collette,f,839
2016,Constance,f,839
2016,Constantina,f,839
2016,Coralie,f,839
2016,Corina,f,839
2016,Cortana,f,839
2016,Courtney,f,839
2016,Cozi,f,839
2016,Crystal,f,839
2016,Cyan,f,839
2016,Cydi,f,839
2016,Czabina,f,839
2016,Daanish,f,839
2016,Dacey,f,839
2016,Dahee,f,839
2016,Dahlia,f,839
2016,Daiy,f,839
2016,Daizy,f,839
2016,Dakbai,f,839
2016,Dakoda,f,839
2016,Dalal,f,839
2016,Dalilah,f,839
2016,Damia,f,839
2016,Danah,f,839
2016,Dani,f,839
2016,Danica,f,839
2016,Daniela,f,839
2016,Danielle,f,839
2016,Dannie,f,839
2016,Danniella,f,839
2016,Darcii,f,839
2016,Daria,f,839
2016,Darya,f,839
2016,Dataar,f,839
2016,Daviitaah,f,839
2016,Davinah,f,839
2016,Dawt,f,839
2016,Dawthlei,f,839
2016,Dayla,f,839
2016,Dayna,f,839
2016,Dekota,f,839
2016,Dekotahlee,f,839
2016,Delaney,f,839
2016,Delele,f,839
2016,Delia,f,839
2016,Delilah-grace,f,839
2016,Delina,f,839
2016,Dellancy,f,839
2016,Delphine,f,839
2016,Delylah,f,839
2016,Demitra,f,839
2016,Dena,f,839
2016,Deniella,f,839
2016,Deniz,f,839
2016,Denne,f,839
2016,Denoh,f,839
2016,Denzelle,f,839
2016,Despina,f,839
2016,Destiney,f,839
2016,Devika,f,839
2016,Devisha,f,839
2016,Devocean,f,839
2016,Dhun,f,839
2016,Di,f,839
2016,Dia,f,839
2016,Dilnaaz,f,839
2016,Dilshaan,f,839
2016,Dima,f,839
2016,Dime,f,839
2016,Dimitria,f,839
2016,Dingling,f,839
2016,Dinuki,f,839
2016,Dishitha,f,839
2016,Diva,f,839
2016,Divine,f,839
2016,Dixie,f,839
2016,Diyenka,f,839
2016,Diyo,f,839
2016,Domenique,f,839
2016,Dominique,f,839
2016,Domonique,f,839
2016,Doroteja,f,839
2016,Dot,f,839
2016,Dragana,f,839
2016,Dru,f,839
2016,Dua,f,839
2016,Duaa,f,839
2016,Dur-e-sameen,f,839
2016,Duyen,f,839
2016,Eadie,f,839
2016,Ealla,f,839
2016,Echo,f,839
2016,Eda,f,839
2016,Eddy,f,839
2016,Edey,f,839
2016,Edita,f,839
2016,Edna,f,839
2016,Eftihia,f,839
2016,Eha,f,839
2016,Eile,f,839
2016,Eileithyia,f,839
2016,Eiva,f,839
2016,Ekamjot,f,839
2016,Ela,f,839
2016,Elaa,f,839
2016,Elaf,f,839
2016,Elaine,f,839
2016,Elayna,f,839
2016,Eleanoar,f,839
2016,Eleena,f,839
2016,Eleesa,f,839
2016,Elefteria,f,839
2016,Eleighnah,f,839
2016,Elektra,f,839
2016,Elenah,f,839
2016,Elexis,f,839
2016,Elianah,f,839
2016,Elinor,f,839
2016,Elirose,f,839
2016,Elisabetta,f,839
2016,Elissia,f,839
2016,Elita,f,839
2016,Elivia,f,839
2016,Eliyana,f,839
2016,Eliza-kay,f,839
2016,Ella-jane,f,839
2016,Ella-rose,f,839
2016,Ellah,f,839
2016,Ellaline,f,839
2016,Ellanor,f,839
2016,Ellanore,f,839
2016,Ellee,f,839
2016,Ellena,f,839
2016,Ellestasiya,f,839
2016,Ellieyre,f,839
2016,Elliott,f,839
2016,Ellison,f,839
2016,Ellora,f,839
2016,Elly,f,839
2016,Elodee,f,839
2016,Elowyn,f,839
2016,Elsa,f,839
2016,Elsbeth,f,839
2016,Elsie-jean,f,839
2016,Elsy,f,839
2016,Elyseya,f,839
2016,Elysha,f,839
2016,Elysia,f,839
2016,Emani,f,839
2016,Emarella,f,839
2016,Emellie,f,839
2016,Emesyn,f,839
2016,Emi,f,839
2016,Emilee,f,839
2016,Emilja,f,839
2016,Emily-mae,f,839
2016,Emira-lee,f,839
2016,Emiri,f,839
2016,Emmalee,f,839
2016,Emmanuella,f,839
2016,Emmanuelle,f,839
2016,Emmason,f,839
2016,Emme,f,839
2016,Emmison,f,839
2016,Emree,f,839
2016,Enna,f,839
2016,Enora,f,839
2016,Envy,f,839
2016,Enya,f,839
2016,Erica-may,f,839
2016,Eris,f,839
2016,Erleen,f,839
2016,Eryka,f,839
2016,Es'mei,f,839
2016,Eshal,f,839
2016,Eshana,f,839
2016,Estella,f,839
2016,Eugenia,f,839
2016,Eunice,f,839
2016,Evalena,f,839
2016,Evan,f,839
2016,Evee,f,839
2016,Eveleigh,f,839
2016,Evelyne,f,839
2016,Evia,f,839
2016,Eviana,f,839
2016,Evie-mae,f,839
2016,Evie-rose,f,839
2016,Evy,f,839
2016,Evyenia,f,839
2016,Eylah,f,839
2016,Ezrae,f,839
2016,Ezriella,f,839
2016,Fanta,f,839
2016,Farah,f,839
2016,Fareda,f,839
2016,Fariha,f,839
2016,Farniya,f,839
2016,Farwa,f,839
2016,Farzana,f,839
2016,Fatemeh,f,839
2016,Fatimeh,f,839
2016,Fatumata,f,839
2016,Fay,f,839
2016,Faysa,f,839
2016,Fearne,f,839
2016,Fedha,f,839
2016,Feebee,f,839
2016,Felicia,f,839
2016,Fernley,f,839
2016,Finlay,f,839
2016,Fiza,f,839
2016,Fizzah,f,839
2016,Flavia,f,839
2016,Fotini,f,839
2016,Fradella,f,839
2016,Franca,f,839
2016,Franki,f,839
2016,Freda,f,839
2016,Furaha,f,839
2016,Furdezee,f,839
2016,Furia,f,839
2016,Gabriella-louisa,f,839
2016,Gabriyelle,f,839
2016,Gail,f,839
2016,Garishma,f,839
2016,Gatleen,f,839
2016,Gazal,f,839
2016,Georgette,f,839
2016,Ghadi,f,839
2016,Ghaidaa,f,839
2016,Gia-an,f,839
2016,Giavanna,f,839
2016,Gidget,f,839
2016,Giordana,f,839
2016,Giovanna,f,839
2016,Gisela,f,839
2016,Giulia,f,839
2016,Gladys,f,839
2016,Gracelyn,f,839
2016,Gracie-rose,f,839
2016,Gray,f,839
2016,Greta,f,839
2016,Gretchen,f,839
2016,Guinevere,f,839
2016,Gulnazdeep,f,839
2016,Guneet,f,839
2016,Gurehmat,f,839
2016,Gurkeerat,f,839
2016,Gurliv,f,839
2016,Gurmanjot,f,839
2016,Gurpal,f,839
2016,Gurseerat,f,839
2016,Gursehaj,f,839
2016,Gwendolin,f,839
2016,Gweneth,f,839
2016,Gwenevere,f,839
2016,Gwyneth,f,839
2016,Gypsy-rose,f,839
2016,Haddi,f,839
2016,Hadil,f,839
2016,Hadiya,f,839
2016,Hadlee,f,839
2016,Hailie,f,839
2016,Hajra,f,839
2016,Hala,f,839
2016,Halaena,f,839
2016,Halia,f,839
2016,Halle-jay,f,839
2016,Hallee,f,839
2016,Hamda,f,839
2016,Hamna,f,839
2016,Hani,f,839
2016,Hannah-lee,f,839
2016,Hao,f,839
2016,Haolin,f,839
2016,Haoyi,f,839
2016,Haralambia,f,839
2016,Hareem,f,839
2016,Hareet,f,839
2016,Hargun,f,839
2016,Harkeerat,f,839
2016,Harleah,f,839
2016,Harlee,f,839
2016,Harleigh,f,839
2016,Harlem,f,839
2016,Harlii,f,839
2016,Harlo,f,839
2016,Harlyn,f,839
2016,Harmany,f,839
2016,Harmeen,f,839
2016,Harnaaz,f,839
2016,Harper-lily,f,839
2016,Harseerat,f,839
2016,Harsifat,f,839
2016,Hartley,f,839
2016,Harvyn,f,839
2016,Hasandi,f,839
2016,Hasrat,f,839
2016,Hasti,f,839
2016,Havanna,f,839
2016,Hawa,f,839
2016,Hawra,f,839
2016,Hazelprit,f,839
2016,Heavenly,f,839
2016,Heba,f,839
2016,Heer,f,839
2016,Heera,f,839
2016,Heeva,f,839
2016,Helga,f,839
2016,Helina,f,839
2016,Hennessy,f,839
2016,Hershi,f,839
2016,Heshara,f,839
2016,Hettie,f,839
2016,Hiba,f,839
2016,Hibah,f,839
2016,Hilivelia,f,839
2016,Holland,f,839
2016,Holley,f,839
2016,Honey,f,839
2016,Honey-may,f,839
2016,Honi,f,839
2016,Hoor,f,839
2016,Hoora,f,839
2016,Hooraem,f,839
2016,Horra,f,839
2016,Hosanna,f,839
2016,Huan,f,839
2016,Hui,f,839
2016,Humda,f,839
2016,Hunter,f,839
2016,Hunter-grace,f,839
2016,Husna,f,839
2016,Hydee,f,839
2016,Ibukunoluwa,f,839
2016,Ida,f,839
2016,Ifrah,f,839
2016,Ila,f,839
2016,Ilah,f,839
2016,Ilajh,f,839
2016,Ilhabela,f,839
2016,Ilina,f,839
2016,Ilinca-dorcas,f,839
2016,Illa-rose,f,839
2016,Illiyuna,f,839
2016,Ilyssa,f,839
2016,Imala,f,839
2016,Imani,f,839
2016,Imara,f,839
2016,Imelda,f,839
2016,Imogin,f,839
2016,Inayat,f,839
2016,Indi-anna,f,839
2016,India,f,839
2016,Indiah,f,839
2016,Indiana-lee,f,839
2016,Indica,f,839
2016,Indie-rose,f,839
2016,Indiella,f,839
2016,Indii,f,839
2016,Indira,f,839
2016,Indyanah,f,839
2016,Ines,f,839
2016,Innamincka,f,839
2016,Ioanna,f,839
2016,Iqra,f,839
2016,Ira,f,839
2016,Irah,f,839
2016,Irene,f,839
2016,Irene-moses,f,839
2016,Irenka,f,839
2016,Isa-marie,f,839
2016,Isabella-ivy,f,839
2016,Isabella-marie,f,839
2016,Isha,f,839
2016,Ishar,f,839
2016,Ishita,f,839
2016,Ishpreet,f,839
2016,Ishtar,f,839
2016,Ishwa,f,839
2016,Isla-mae,f,839
2016,Isobelle,f,839
2016,Isra,f,839
2016,Israa,f,839
2016,Itzelle,f,839
2016,Iva,f,839
2016,Ivanka,f,839
2016,Ivannah,f,839
2016,Ivey,f,839
2016,Ivy-joy,f,839
2016,Ivy-rose,f,839
2016,Iyah,f,839
2016,Iyiah,f,839
2016,Izabel,f,839
2016,Izabela,f,839
2016,Izabelle,f,839
2016,Izahlia-charmaine,f,839
2016,Jackie-lee,f,839
2016,Jadiel,f,839
2016,Jaida,f,839
2016,Jaiden,f,839
2016,Jailee,f,839
2016,Jaimie,f,839
2016,Jaina,f,839
2016,Jamie-lee,f,839
2016,Jana,f,839
2016,Janat,f,839
2016,Janaya-rose,f,839
2016,Janella,f,839
2016,Janet,f,839
2016,Janieya,f,839
2016,Janissi,f,839
2016,Janiya,f,839
2016,Jannali,f,839
2016,Janylah,f,839
2016,Japneet,f,839
2016,Jasara,f,839
2016,Jasmeen,f,839
2016,Jasmitha,f,839
2016,Jasmyn,f,839
2016,Jasrah,f,839
2016,Jasslyn,f,839
2016,Jaya,f,839
2016,Jayde,f,839
2016,Jayla,f,839
2016,Jaylah,f,839
2016,Jaymie,f,839
2016,Jaymikah,f,839
2016,Jazleen,f,839
2016,Jazlyn,f,839
2016,Jazmin,f,839
2016,Jean,f,839
2016,Jeanette,f,839
2016,Jemella,f,839
2016,Jemily,f,839
2016,Jenani,f,839
2016,Jency,f,839
2016,Jenika,f,839
2016,Jenine,f,839
2016,Jenisha,f,839
2016,Jennica,f,839
2016,Jenniza,f,839
2016,Jersey,f,839
2016,Jessalyn,f,839
2016,Jia,f,839
2016,Jing,f,839
2016,Jinyan,f,839
2016,Jisha,f,839
2016,Jiwille,f,839
2016,Jocette,f,839
2016,Jochebed,f,839
2016,Johannah-eve,f,839
2016,Jolina,f,839
2016,Jona,f,839
2016,Joni,f,839
2016,Jordann,f,839
2016,Jordy,f,839
2016,Jordynn,f,839
2016,Jory,f,839
2016,Joselyn,f,839
2016,Joska,f,839
2016,Joud,f,839
2016,Jovelyn,f,839
2016,Jovie,f,839
2016,Joyce,f,839
2016,Juana,f,839
2016,Jud,f,839
2016,Julianne,f,839
2016,Juliea,f,839
2016,Jumanah,f,839
2016,Justice,f,839
2016,Justina,f,839
2016,Kabedi,f,839
2016,Kadance,f,839
2016,Kadence-lee,f,839
2016,Kainat,f,839
2016,Kaira,f,839
2016,Kairi,f,839
2016,Kaisha,f,839
2016,Kaite-lynne,f,839
2016,Kaitlynn,f,839
2016,Kaiyah,f,839
2016,Kakirra,f,839
2016,Kalani,f,839
2016,Kalari,f,839
2016,Kaleesha,f,839
2016,Kaleesi,f,839
2016,Kaleigha,f,839
2016,Kaley,f,839
2016,Kali,f,839
2016,Kalilah,f,839
2016,Kalina,f,839
2016,Kaliyah,f,839
2016,Kameela,f,839
2016,Kamila,f,839
2016,Kaniah,f,839
2016,Kar,f,839
2016,Karen,f,839
2016,Karina,f,839
2016,Karleaha,f,839
2016,Karliah,f,839
2016,Kashviba,f,839
2016,Katerina,f,839
2016,Kathleen,f,839
2016,Kathryn,f,839
2016,Katia,f,839
2016,Katie-ann,f,839
2016,Katie-jayne,f,839
2016,Katina,f,839
2016,Katiya,f,839
2016,Katy,f,839
2016,Kavlin,f,839
2016,Kaycie-maria,f,839
2016,Kayden,f,839
2016,Kayley,f,839
2016,Keanna,f,839
2016,Keerat,f,839
2016,Keevah,f,839
2016,Keiarn,f,839
2016,Keilyra,f,839
2016,Keisha,f,839
2016,Kelise,f,839
2016,Kellsey,f,839
2016,Kelvi,f,839
2016,Kenna,f,839
2016,Kensley,f,839
2016,Kenzi,f,839
2016,Keona,f,839
2016,Keonnie,f,839
2016,Kerryanne,f,839
2016,Kerryn,f,839
2016,Kesa,f,839
2016,Keya,f,839
2016,Keyani,f,839
2016,Keza,f,839
2016,Khadeeja,f,839
2016,Khadidja,f,839
2016,Khadija,f,839
2016,Khalilah,f,839
2016,Khensi,f,839
2016,Khushi,f,839
2016,Kianna,f,839
2016,Kiarnah,f,839
2016,Kidist,f,839
2016,Kiera,f,839
2016,Kihanna,f,839
2016,Kim,f,839
2016,Kimying,f,839
2016,Kinaaz,f,839
2016,Kinarian,f,839
2016,Kindal,f,839
2016,Kirat,f,839
2016,Kiratdeep,f,839
2016,Kiri,f,839
2016,Kirpa,f,839
2016,Kirsharla,f,839
2016,Kitana,f,839
2016,Kitara,f,839
2016,Kiva,f,839
2016,Kiya,f,839
2016,Klara,f,839
2016,Kloe,f,839
2016,Koah,f,839
2016,Koda-lee,f,839
2016,Kodie,f,839
2016,Kolby,f,839
2016,Kollins,f,839
2016,Kora,f,839
2016,Korena,f,839
2016,Kori,f,839
2016,Krinaba,f,839
2016,Krishika,f,839
2016,Kristiana,f,839
2016,Ksenia,f,839
2016,Kshipra,f,839
2016,Kundai,f,839
2016,Kyah,f,839
2016,Kyhannah,f,839
2016,Kyzcie,f,839
2016,Laasya,f,839
2016,Lacee,f,839
2016,Lacie,f,839
2016,Lady,f,839
2016,Lael,f,839
2016,Laesharna,f,839
2016,Lahquannah,f,839
2016,Lai,f,839
2016,Laikyn,f,839
2016,Lailani,f,839
2016,Laina,f,839
2016,Lainie,f,839
2016,Lalaina,f,839
2016,Lam,f,839
2016,Lamisa,f,839
2016,Lana-maria,f,839
2016,Larimar,f,839
2016,Larni,f,839
2016,Lasharah,f,839
2016,Lashya,f,839
2016,Lata,f,839
2016,Latanya,f,839
2016,Latisha,f,839
2016,Laurelai,f,839
2016,Lavanya,f,839
2016,Lavender,f,839
2016,Lavinia,f,839
2016,Lavitika,f,839
2016,Layan,f,839
2016,Layla-paige,f,839
2016,Layne,f,839
2016,Leanna,f,839
2016,Leanne,f,839
2016,Leeah,f,839
2016,Leeanne,f,839
2016,Leia,f,839
2016,Leighla-joel,f,839
2016,Leighton,f,839
2016,Leilani,f,839
2016,Lekha,f,839
2016,Lela-athina,f,839
2016,Lelia,f,839
2016,Lena,f,839
2016,Lenia,f,839
2016,Lenni,f,839
2016,Lennon,f,839
2016,Lennox,f,839
2016,Lenora,f,839
2016,Leticia,f,839
2016,Letissia,f,839
2016,Letti,f,839
2016,Letty,f,839
2016,Lexa,f,839
2016,Lexii,f,839
2016,Lexis,f,839
2016,Lharna,f,839
2016,Lia,f,839
2016,Libby,f,839
2016,Liberty,f,839
2016,Liberty-rose,f,839
2016,Lida,f,839
2016,Lidia,f,839
2016,Lilith-louise,f,839
2016,Lilli,f,839
2016,Lilliahna,f,839
2016,Lillianna,f,839
2016,Lilliarna,f,839
2016,Lillie-grace,f,839
2016,Lilly-anne,f,839
2016,Lilly-may,f,839
2016,Lillyana,f,839
2016,Lillyarna,f,839
2016,Lilo,f,839
2016,Lilou,f,839
2016,Lily-anne,f,839
2016,Lily-jo,f,839
2016,Lilyana,f,839
2016,Lilyann,f,839
2016,Lina,f,839
2016,Linca,f,839
2016,Linda,f,839
2016,Lindsey,f,839
2016,Linh,f,839
2016,Linnea,f,839
2016,Lisma,f,839
2016,Litfiyeh,f,839
2016,Lithuni,f,839
2016,Livia,f,839
2016,Liya,f,839
2016,Lizzy,f,839
2016,Llayton,f,839
2016,Lomina,f,839
2016,Londyn,f,839
2016,Lorelei,f,839
2016,Lorena,f,839
2016,Loretta,f,839
2016,Loriana,f,839
2016,Lorna,f,839
2016,Louisiana,f,839
2016,Louwella,f,839
2016,Lovenne,f,839
2016,Lua,f,839
2016,Luana,f,839
2016,Lucie,f,839
2016,Lucille,f,839
2016,Lucy-mae,f,839
2016,Lujain,f,839
2016,Lulani,f,839
2016,Luseen,f,839
2016,Luvinah,f,839
2016,Lyan,f,839
2016,Lyanna,f,839
2016,Lyira,f,839
2016,Mac,f,839
2016,Macarrah-jaydee,f,839
2016,Macartney,f,839
2016,Macayla,f,839
2016,Macee,f,839
2016,Madalyn,f,839
2016,Madawala,f,839
2016,Madden,f,839
2016,Maddisyn,f,839
2016,Maddy,f,839
2016,Madelin,f,839
2016,Madilyn,f,839
2016,Madyson,f,839
2016,Maebh,f,839
2016,Maevie,f,839
2016,Maeya,f,839
2016,Magdalena,f,839
2016,Magenta,f,839
2016,Maggie-fae,f,839
2016,Magnolia,f,839
2016,Mahala,f,839
2016,Mahali,f,839
2016,Maheera,f,839
2016,Mahie,f,839
2016,Mahkyla,f,839
2016,Mahnaz,f,839
2016,Mahnoor,f,839
2016,Mahreen,f,839
2016,Mahtub,f,839
2016,Maiar,f,839
2016,Maiesarah,f,839
2016,Maiko,f,839
2016,Maira,f,839
2016,Mairead,f,839
2016,Mairwen,f,839
2016,Maisie-lee,f,839
2016,Makenzi,f,839
2016,Makyra,f,839
2016,Malaylah,f,839
2016,Malea,f,839
2016,Malika,f,839
2016,Mallaya,f,839
2016,Malliee,f,839
2016,Mallory,f,839
2016,Man,f,839
2016,Manahil,f,839
2016,Manaia,f,839
2016,Manal,f,839
2016,Manana,f,839
2016,Maneli,f,839
2016,Mang,f,839
2016,Manreet,f,839
2016,Manseerat,f,839
2016,Manuela,f,839
2016,Manya,f,839
2016,Marcia,f,839
2016,Marechale,f,839
2016,Maree,f,839
2016,Marguerite,f,839
2016,Maria-rosa,f,839
2016,Marie,f,839
2016,Marisa,f,839
2016,Marisol,f,839
2016,Marleah,f,839
2016,Marli,f,839
2016,Marlia,f,839
2016,Marlow,f,839
2016,Marlowe,f,839
2016,Marnie,f,839
2016,Martha,f,839
2016,Martina,f,839
2016,Mary,f,839
2016,Marzia,f,839
2016,Marziyah,f,839
2016,Mason,f,839
2016,Mataya-jade,f,839
2016,Matea,f,839
2016,Mathilda,f,839
2016,Matika,f,839
2016,Matisse,f,839
2016,Matlida,f,839
2016,Maverick,f,839
2016,Mawadda,f,839
2016,Max,f,839
2016,Maylee,f,839
2016,Maylin,f,839
2016,Mckenna,f,839
2016,Mckinley,f,839
2016,Mckynziie,f,839
2016,Meadow,f,839
2016,Medina,f,839
2016,Meeka,f,839
2016,Meekah-jane,f,839
2016,Meela,f,839
2016,Megan,f,839
2016,Mehak,f,839
2016,Mehakpreet,f,839
2016,Mehar,f,839
2016,Meharjot,f,839
2016,Mehnaz,f,839
2016,Mehnoor,f,839
2016,Mehreen,f,839
2016,Meisie,f,839
2016,Mekaleera,f,839
2016,Melicia,f,839
2016,Melinda,f,839
2016,Melinda-may,f,839
2016,Melitsa,f,839
2016,Memenyas,f,839
2016,Menaal,f,839
2016,Menara,f,839
2016,Menley,f,839
2016,Merari,f,839
2016,Mercy,f,839
2016,Meredith,f,839
2016,Merkela,f,839
2016,Mersadez,f,839
2016,Mersaidez,f,839
2016,Mi,f,839
2016,Mia-cassandra,f,839
2016,Miabelle,f,839
2016,Miah,f,839
2016,Miaricky-lee,f,839
2016,Micaela,f,839
2016,Micah,f,839
2016,Micayla-rose,f,839
2016,Mickal,f,839
2016,Mieka,f,839
2016,Mihindukulasuriya,f,839
2016,Miika,f,839
2016,Mikaila,f,839
2016,Mikaylah,f,839
2016,Mikhayla,f,839
2016,Mikiah,f,839
2016,Milana,f,839
2016,Milayna,f,839
2016,Milee,f,839
2016,Mileka,f,839
2016,Milena,f,839
2016,Miley,f,839
2016,Milia,f,839
2016,Milica,f,839
2016,Milija,f,839
2016,Miller,f,839
2016,Millicent,f,839
2016,Min,f,839
2016,Minah,f,839
2016,Minette,f,839
2016,Minh,f,839
2016,Minkyi,f,839
2016,Minna,f,839
2016,Minnie,f,839
2016,Minuli,f,839
2016,Minungshi,f,839
2016,Mirabel,f,839
2016,Miraya,f,839
2016,Mirelle,f,839
2016,Miriam,f,839
2016,Miriyam,f,839
2016,Mirren,f,839
2016,Misaki,f,839
2016,Misha,f,839
2016,Mishika,f,839
2016,Misty,f,839
2016,Miylah,f,839
2016,Mollie,f,839
2016,Morrison,f,839
2016,Mortisha,f,839
2016,Mubina,f,839
2016,Muhoza,f,839
2016,Mutsawashe,f,839
2016,Muxi,f,839
2016,Muxin,f,839
2016,Myer,f,839
2016,Myesha,f,839
2016,Myia,f,839
2016,Mykaylah,f,839
2016,Myla,f,839
2016,Mylie,f,839
2016,Naavya,f,839
2016,Nadeen,f,839
2016,Nadezhda,f,839
2016,Nadhira,f,839
2016,Nafeesa,f,839
2016,Nagham,f,839
2016,Nahiya,f,839
2016,Nahzayah,f,839
2016,Naia,f,839
2016,Naisha,f,839
2016,Najia,f,839
2016,Nakasha,f,839
2016,Nakirra,f,839
2016,Nakiyah,f,839
2016,Nala,f,839
2016,Nameera,f,839
2016,Namrit,f,839
2016,Nanaati,f,839
2016,Naomie,f,839
2016,Narges,f,839
2016,Narjis,f,839
2016,Nasira,f,839
2016,Nasya,f,839
2016,Natalya,f,839
2016,Natannia,f,839
2016,Natarsha,f,839
2016,Natasha,f,839
2016,Natayah,f,839
2016,Nathania,f,839
2016,Natiana,f,839
2016,Navayah,f,839
2016,Navleen,f,839
2016,Navrisham,f,839
2016,Nayla,f,839
2016,Nayvia,f,839
2016,Nazo,f,839
2016,Neda,f,839
2016,Neeva,f,839
2016,Nehmat,f,839
2016,Neive,f,839
2016,Nereya,f,839
2016,Neriah,f,839
2016,Nessa,f,839
2016,Nethmi,f,839
2016,Neusa,f,839
2016,Nevada,f,839
2016,Neveah,f,839
2016,Nevena,f,839
2016,Ngoc,f,839
2016,Nhu,f,839
2016,Nickelle,f,839
2016,Nicola,f,839
2016,Nicolla,f,839
2016,Nicolletta,f,839
2016,Nieve,f,839
2016,Nikayla,f,839
2016,Niki,f,839
2016,Nikita,f,839
2016,Nikkita,f,839
2016,Nikoletta,f,839
2016,Nikolija,f,839
2016,Nila,f,839
2016,Nimrat,f,839
2016,Niobe,f,839
2016,Nirvana,f,839
2016,Nishka,f,839
2016,Nissa,f,839
2016,Nitya,f,839
2016,Niumali,f,839
2016,Niveditha,f,839
2016,Niviya,f,839
2016,Niyamat,f,839
2016,Noemi,f,839
2016,Nokutenda,f,839
2016,Nola,f,839
2016,Norma-jean,f,839
2016,Noura,f,839
2016,Nourah,f,839
2016,Nouran,f,839
2016,Novi,f,839
2016,Nuha,f,839
2016,Nurhusna,f,839
2016,Nyandeng,f,839
2016,Nyanjith,f,839
2016,Nyasha,f,839
2016,Nykeesha,f,839
2016,Nylanna,f,839
2016,Nyra,f,839
2016,Oaklee,f,839
2016,Oakleigh,f,839
2016,Oakleigh-rae,f,839
2016,Oceahna,f,839
2016,Oceane,f,839
2016,Odette,f,839
2016,Olga,f,839
2016,Olivia-may,f,839
2016,Olivyne,f,839
2016,Omayah,f,839
2016,Omisha,f,839
2016,Omonyemhen,f,839
2016,Onella,f,839
2016,Opal,f,839
2016,Oriana,f,839
2016,Ostara,f,839
2016,Ottavia,f,839
2016,Ottilia,f,839
2016,Paityn,f,839
2016,Pal,f,839
2016,Papaya,f,839
2016,Pardis,f,839
2016,Parinoor,f,839
2016,Parisa,f,839
2016,Parissa,f,839
2016,Parkh,f,839
2016,Patience,f,839
2016,Pau,f,839
2016,Pauline,f,839
2016,Pawann,f,839
2016,Payeton,f,839
2016,Payton-lee,f,839
2016,Peaches,f,839
2016,Pepper,f,839
2016,Perrshiana,f,839
2016,Petal,f,839
2016,Phillipa,f,839
2016,Phillippa,f,839
2016,Phoenyx,f,839
2016,Piera,f,839
2016,Pihu,f,839
2016,Pin,f,839
2016,Pixie,f,839
2016,Pollyanna,f,839
2016,Poppi,f,839
2016,Poppie,f,839
2016,Poppy-faye,f,839
2016,Poppy-jo,f,839
2016,Poppy-willow,f,839
2016,Porphyria,f,839
2016,Posey,f,839
2016,Prabhnoor,f,839
2016,Prabina,f,839
2016,Pragunn,f,839
2016,Pranika,f,839
2016,Pranisha,f,839
2016,Pransi,f,839
2016,Pranvi,f,839
2016,Pratha,f,839
2016,Preea,f,839
2016,Preet,f,839
2016,Preet-aarshi,f,839
2016,Presayis,f,839
2016,Primrose,f,839
2016,Princess,f,839
2016,Princy,f,839
2016,Prisca,f,839
2016,Prishma,f,839
2016,Purity,f,839
2016,Pypah,f,839
2016,Pyper,f,839
2016,Quan,f,839
2016,Queen,f,839
2016,Quin,f,839
2016,Quincy,f,839
2016,Quorra,f,839
2016,Rachael,f,839
2016,Raegan,f,839
2016,Raelyn,f,839
2016,Raha,f,839
2016,Rahaf,f,839
2016,Rahill,f,839
2016,Rahima,f,839
2016,Rahma,f,839
2016,Rain,f,839
2016,Raine,f,839
2016,Rana,f,839
2016,Randah,f,839
2016,Ratika,f,839
2016,Raven,f,839
2016,Ravya,f,839
2016,Rayna,f,839
2016,Rayne,f,839
2016,Rayner,f,839
2016,Razanne,f,839
2016,Reah,f,839
2016,Reanna,f,839
2016,Reese,f,839
2016,Reeva,f,839
2016,Rehan,f,839
2016,Rehat,f,839
2016,Rehmat,f,839
2016,Reid,f,839
2016,Reign,f,839
2016,Remy,f,839
2016,Renee,f,839
2016,Reshaey,f,839
2016,Reta,f,839
2016,Reuof,f,839
2016,Reyaa,f,839
2016,Reyanna,f,839
2016,Rhianna,f,839
2016,Rhoda,f,839
2016,Rhythm,f,839
2016,Ria,f,839
2016,Riaana,f,839
2016,Rida,f,839
2016,Ridhi,f,839
2016,Rihanna,f,839
2016,Rija,f,839
2016,Rikki,f,839
2016,Rina,f,839
2016,Rinayra,f,839
2016,Rinn,f,839
2016,Rinzen,f,839
2016,Rita,f,839
2016,Ritwika,f,839
2016,Rocio,f,839
2016,Rodina,f,839
2016,Rohee,f,839
2016,Rolana,f,839
2016,Roma,f,839
2016,Romany,f,839
2016,Romilly,f,839
2016,Roneisha,f,839
2016,Roni,f,839
2016,Roqaya,f,839
2016,Rori,f,839
2016,Rosa,f,839
2016,Rosalee,f,839
2016,Rosalind,f,839
2016,Rosanna,f,839
2016,Roseangel,f,839
2016,Roseline,f,839
2016,Rosina,f,839
2016,Rosita,f,839
2016,Rossane,f,839
2016,Rossmary,f,839
2016,Roudain,f,839
2016,Rowan,f,839
2016,Roxanne,f,839
2016,Roya,f,839
2016,Rubee,f,839
2016,Ruby-grace,f,839
2016,Ruby-mae,f,839
2016,Ruhani,f,839
2016,Run,f,839
2016,Ruqaya,f,839
2016,Rushani,f,839
2016,Rushda,f,839
2016,Ruthie,f,839
2016,Ruthu,f,839
2016,Rutvi,f,839
2016,Rydah,f,839
2016,Rylie,f,839
2016,Saanjhdeep,f,839
2016,Saanya,f,839
2016,Sabina,f,839
2016,Sabreen,f,839
2016,Sabrin,f,839
2016,Sachi,f,839
2016,Sachneet,f,839
2016,Sadia,f,839
2016,Safeerah,f,839
2016,Saffi,f,839
2016,Safia,f,839
2016,Safiya,f,839
2016,Saga,f,839
2016,Sagal,f,839
2016,Sahana,f,839
2016,Sahara,f,839
2016,Sahej,f,839
2016,Saiedah,f,839
2016,Saige,f,839
2016,Saina,f,839
2016,Sairah,f,839
2016,Sakeena,f,839
2016,Sally,f,839
2016,Samaara,f,839
2016,Samaira,f,839
2016,Samairah,f,839
2016,Samanta,f,839
2016,Sameeha,f,839
2016,Samila,f,839
2016,Sammi,f,839
2016,Sammie,f,839
2016,Sampada,f,839
2016,Samragyee,f,839
2016,Sanika,f,839
2016,Sanjot,f,839
2016,Sanne,f,839
2016,Saphira,f,839
2016,Saphron,f,839
2016,Saraya,f,839
2016,Sargun,f,839
2016,Sari,f,839
2016,Sari-rose,f,839
2016,Saria,f,839
2016,Sariarna,f,839
2016,Sarina,f,839
2016,Savannah-rose,f,839
2016,Savanne,f,839
2016,Saviana,f,839
2016,Savina,f,839
2016,Savvy,f,839
2016,Saya,f,839
2016,Saymi,f,839
2016,Sayuni,f,839
2016,Scarlette,f,839
2016,Schyler,f,839
2016,Scout,f,839
2016,Seahanna,f,839
2016,Seanna,f,839
2016,Sedona,f,839
2016,Sedra,f,839
2016,Seeta,f,839
2016,Seetha,f,839
2016,Sefira,f,839
2016,Sehajdeep,f,839
2016,Sejal,f,839
2016,Selah-rose,f,839
2016,Selen,f,839
2016,Selena,f,839
2016,Selin,f,839
2016,Selyna,f,839
2016,Senimili,f,839
2016,Sera,f,839
2016,Seraphina,f,839
2016,Serat,f,839
2016,Serene,f,839
2016,Setia,f,839
2016,Sevana,f,839
2016,Shagundeep,f,839
2016,Shahad,f,839
2016,Shahd,f,839
2016,Shahreen,f,839
2016,Shailah,f,839
2016,Shaiquora,f,839
2016,Shakayla,f,839
2016,Shakiyah,f,839
2016,Shaniah,f,839
2016,Shanika,f,839
2016,Shantiq,f,839
2016,Sharana,f,839
2016,Shardae,f,839
2016,Sharifa,f,839
2016,Sharlee,f,839
2016,Sharlie-ann,f,839
2016,Sharni,f,839
2016,Sharon,f,839
2016,Shavaun,f,839
2016,Shayamber,f,839
2016,Shaye,f,839
2016,Shayna,f,839
2016,Shea,f,839
2016,Shelby,f,839
2016,Shelby-rose,f,839
2016,Shenae,f,839
2016,Shenara,f,839
2016,Sherlyn,f,839
2016,Sheryl,f,839
2016,Shiddat,f,839
2016,Shiloh,f,839
2016,Shivangi,f,839
2016,Shivani,f,839
2016,Shivanya,f,839
2016,Shivaria,f,839
2016,Shivika,f,839
2016,Shiya,f,839
2016,Shona,f,839
2016,Shourya,f,839
2016,Shravyaa,f,839
2016,Shubhkarman,f,839
2016,Shuyi,f,839
2016,Shylena,f,839
2016,Siana,f,839
2016,Siara,f,839
2016,Sibel,f,839
2016,Sidra,f,839
2016,Sift,f,839
2016,Silver,f,839
2016,Silvie,f,839
2016,Simleen,f,839
2016,Simona,f,839
2016,Simone,f,839
2016,Simrat,f,839
2016,Sinead,f,839
2016,Siqi,f,839
2016,Sitheka,f,839
2016,Sitta,f,839
2016,Siyana,f,839
2016,Skarlette,f,839
2016,Skye-lee,f,839
2016,Skyelah,f,839
2016,Smaira,f,839
2016,Smarica,f,839
2016,Snikitha,f,839
2016,Socaina,f,839
2016,Sokhom,f,839
2016,Solenn,f,839
2016,Sonia,f,839
2016,Sorayah,f,839
2016,Sowenna,f,839
2016,Sreja,f,839
2016,Sreya,f,839
2016,Srisai,f,839
2016,Stacey,f,839
2016,Stamatoula,f,839
2016,Stasia,f,839
2016,Stavroulina,f,839
2016,Stellar,f,839
2016,Storm,f,839
2016,Sucdi,f,839
2016,Sukaina,f,839
2016,Sum,f,839
2016,Sumaya,f,839
2016,Sunny,f,839
2016,Sunny-mae,f,839
2016,Suraha,f,839
2016,Suraiya,f,839
2016,Surayabi,f,839
2016,Sussan,f,839
2016,Suvinya,f,839
2016,Suwani,f,839
2016,Svetlana,f,839
2016,Swaye,f,839
2016,Swetha,f,839
2016,Sybelle,f,839
2016,Sybil-hope,f,839
2016,Sydnee,f,839
2016,Sydney,f,839
2016,Sylvanna,f,839
2016,Syna,f,839
2016,Synovah,f,839
2016,Syntyche,f,839
2016,Taabya,f,839
2016,Tabea,f,839
2016,Tabz,f,839
2016,Tadiwanashe,f,839
2016,Taelyr,f,839
2016,Tahana,f,839
2016,Tahmina,f,839
2016,Tahzara,f,839
2016,Talayla,f,839
2016,Taleah-anne,f,839
2016,Tali,f,839
2016,Taliah,f,839
2016,Talicia,f,839
2016,Tamara,f,839
2016,Tamazin,f,839
2016,Tameika,f,839
2016,Tamika,f,839
2016,Tamina,f,839
2016,Tamzen,f,839
2016,Tanaeyah,f,839
2016,Tanayah,f,839
2016,Tanisha,f,839
2016,Tanya,f,839
2016,Tanzeela,f,839
2016,Taqwa,f,839
2016,Taraf,f,839
2016,Tarlee,f,839
2016,Tarlia,f,839
2016,Tarteel,f,839
2016,Taryn,f,839
2016,Tasharla-rose,f,839
2016,Taskeen,f,839
2016,Taviah,f,839
2016,Taya,f,839
2016,Taylah,f,839
2016,Taylee,f,839
2016,Tegh,f,839
2016,Teghan,f,839
2016,Tehannah,f,839
2016,Teleigha,f,839
2016,Temi,f,839
2016,Tempest,f,839
2016,Tenaya,f,839
2016,Tenayha,f,839
2016,Tenzi,f,839
2016,Teodora,f,839
2016,Teresa,f,839
2016,Tessie-j,f,839
2016,Thalia,f,839
2016,Thanh,f,839
2016,Tharuli,f,839
2016,Thelma,f,839
2016,Theoni,f,839
2016,Theresa-josephine,f,839
2016,Thiya,f,839
2016,Thushi,f,839
2016,Tia-rehannah,f,839
2016,Tianyang,f,839
2016,Tierra,f,839
2016,Tijana,f,839
2016,Tilda,f,839
2016,Tilicia,f,839
2016,Tilley,f,839
2016,Tisha,f,839
2016,Tiya,f,839
2016,Toinetta,f,839
2016,Tori,f,839
2016,Tricia,f,839
2016,Tris,f,839
2016,Triscia,f,839
2016,Trisha,f,839
2016,Tungavidya,f,839
2016,Twisha,f,839
2016,Twishi,f,839
2016,Tyrah,f,839
2016,Tzu-chuan,f,839
2016,Uli,f,839
2016,Una,f,839
2016,Ushneek,f,839
2016,Uvarnah,f,839
2016,Uyen,f,839
2016,Uzra,f,839
2016,Vaani,f,839
2016,Vaeora,f,839
2016,Vaida,f,839
2016,Valarie,f,839
2016,Valencia,f,839
2016,Valeria,f,839
2016,Van,f,839
2016,Vania,f,839
2016,Varin,f,839
2016,Vasiliki,f,839
2016,Vathana-tepy,f,839
2016,Vayda,f,839
2016,Vedanshi,f,839
2016,Veida,f,839
2016,Velisa,f,839
2016,Velvet,f,839
2016,Verity,f,839
2016,Veronika,f,839
2016,Veronique,f,839
2016,Veya,f,839
2016,Vianna,f,839
2016,Viannah,f,839
2016,Vidya,f,839
2016,Vihana,f,839
2016,Visvitha,f,839
2016,Vittoria,f,839
2016,Vivie,f,839
2016,Vy,f,839
2016,Vylet,f,839
2016,Wahaj,f,839
2016,Wajd,f,839
2016,Weilai,f,839
2016,Wendy,f,839
2016,Wendy-rose,f,839
2016,Whisper,f,839
2016,Windy,f,839
2016,Winifrid,f,839
2016,Winterlily,f,839
2016,Wyntah,f,839
2016,Xara,f,839
2016,Xenniisa,f,839
2016,Xeormenas,f,839
2016,Xindi,f,839
2016,Xyla,f,839
2016,Yahvena,f,839
2016,Yan-qi,f,839
2016,Yar,f,839
2016,Yara,f,839
2016,Yasamin,f,839
2016,Yasmeen,f,839
2016,Yasmeena,f,839
2016,Yasmina,f,839
2016,Yasmine,f,839
2016,Yazmine,f,839
2016,Yejin,f,839
2016,Yelinsa,f,839
2016,Yemi,f,839
2016,Yessica,f,839
2016,Yevgenia,f,839
2016,Yilia,f,839
2016,Yitong,f,839
2016,Yoann,f,839
2016,Yolanda,f,839
2016,Ysabel,f,839
2016,Ysabella,f,839
2016,Yu-jin,f,839
2016,Yueying,f,839
2016,Yuhan,f,839
2016,Yui,f,839
2016,Yun,f,839
2016,Yunara,f,839
2016,Yusra,f,839
2016,Yuxin,f,839
2016,Yvonne,f,839
2016,Zaara,f,839
2016,Zadie,f,839
2016,Zaela,f,839
2016,Zahkeira,f,839
2016,Zahlee,f,839
2016,Zahleeha,f,839
2016,Zahri,f,839
2016,Zaia,f,839
2016,Zaina,f,839
2016,Zakia,f,839
2016,Zalira,f,839
2016,Zam,f,839
2016,Zanthena-nehydrah,f,839
2016,Zanthia,f,839
2016,Zanya,f,839
2016,Zarlie,f,839
2016,Zaylee,f,839
2016,Zaylia-cruz,f,839
2016,Zechariah,f,839
2016,Zeenat,f,839
2016,Zeeya,f,839
2016,Zeinab,f,839
2016,Zella,f,839
2016,Zemaya,f,839
2016,Zennah,f,839
2016,Zenovia,f,839
2016,Zera,f,839
2016,Zerka,f,839
2016,Zerya,f,839
2016,Zevah,f,839
2016,Zharaya,f,839
2016,Zhen-yue,f,839
2016,Zhianna,f,839
2016,Zhuoxi,f,839
2016,Zia,f,839
2016,Zienna,f,839
2016,Zihan,f,839
2016,Zinneerah,f,839
2016,Zixi,f,839
2016,Zixin,f,839
2016,Ziya,f,839
2016,Zoelle,f,839
2016,Zoha,f,839
2016,Zohha,f,839
2016,Zohra,f,839
2016,Zoi,f,839
2016,Zola,f,839
2016,Zulayho,f,839
2016,Zymeliah,f,839
